dataset,design,holdout,model,method,iter,n_train,n_test,auc,acer,apcer,bpcer,acc,dev_eer,train_loss,train_acc
CelebA-Spoof,xtype,3DMask+Phone+A4,resnet50,IBT-freq-s0,1,12000,24000,0.9246,0.1556,0.2307,0.0804,0.8568,0.0828,0.0001,1.0000
CelebA-Spoof,xtype,3DMask+Phone+A4,resnet50,IBT-freq-s1,1,12000,24000,0.8474,0.2211,0.2901,0.1520,0.7903,0.1552,0.0060,0.9982
CelebA-Spoof,xtype,3DMask+Phone+A4,resnet50,IBT-freq-s2,1,12000,24000,0.8730,0.1903,0.2602,0.1203,0.8212,0.1127,0.0003,1.0000
CelebA-Spoof,xtype,3DMask+Phone+A4,resnet50,IBT-freq-s3,1,12000,24000,0.9307,0.1565,0.2205,0.0926,0.8540,0.0922,0.0019,0.9992
CelebA-Spoof,xtype,3DMask+Phone+A4,resnet50,IBT-freq-s0,2,12000,24000,0.9504,0.1187,0.1493,0.0881,0.8863,0.0419,0.0077,0.9972
CelebA-Spoof,xtype,3DMask+Phone+A4,resnet50,IBT-freq-s1,2,12000,24000,0.9692,0.1055,0.1677,0.0432,0.9048,0.0254,0.0040,0.9983
CelebA-Spoof,xtype,3DMask+Phone+A4,resnet50,IBT-freq-s2,2,12000,24000,0.9569,0.1053,0.1694,0.0411,0.9052,0.0347,0.0076,0.9978
CelebA-Spoof,xtype,3DMask+Phone+A4,resnet50,IBT-freq-s3,2,12000,24000,0.9642,0.1136,0.1857,0.0415,0.8982,0.0326,0.0062,0.9985
CelebA-Spoof,xtype,3DMask+Phone+A4,resnet50,IBT-freq-s0,3,12000,24000,0.9728,0.0869,0.1374,0.0364,0.9214,0.0275,0.0040,0.9989
CelebA-Spoof,xtype,3DMask+Phone+A4,resnet50,IBT-freq-s1,3,12000,24000,0.9804,0.0907,0.1466,0.0347,0.9185,0.0228,0.0085,0.9971
CelebA-Spoof,xtype,3DMask+Phone+A4,resnet50,IBT-freq-s2,3,12000,24000,0.9779,0.0885,0.1399,0.0372,0.9199,0.0291,0.0024,0.9992
CelebA-Spoof,xtype,3DMask+Phone+A4,resnet50,IBT-freq-s3,3,12000,24000,0.9604,0.1203,0.1798,0.0609,0.8894,0.0629,0.0056,0.9979
CelebA-Spoof,xtype,3DMask+Phone+A4,resnet50,IBT-freq-s0,4,12000,24000,0.9771,0.0794,0.1175,0.0412,0.9269,0.0228,0.0062,0.9975
CelebA-Spoof,xtype,3DMask+Phone+A4,resnet50,IBT-freq-s1,4,12000,24000,0.9821,0.0778,0.1376,0.0180,0.9320,0.0079,0.0052,0.9981
CelebA-Spoof,xtype,3DMask+Phone+A4,resnet50,IBT-freq-s2,4,12000,24000,0.9718,0.0948,0.1591,0.0304,0.9158,0.0184,0.0052,0.9976
CelebA-Spoof,xtype,3DMask+Phone+A4,resnet50,IBT-freq-s3,4,12000,24000,0.9783,0.0858,0.1405,0.0310,0.9232,0.0174,0.0038,0.9988
CelebA-Spoof,xtype,3DMask+Phone+A4,resnet50,IBT-freq-s0,5,12000,24000,0.9799,0.0986,0.1790,0.0181,0.9146,0.0095,0.0012,0.9996
CelebA-Spoof,xtype,3DMask+Phone+A4,resnet50,IBT-freq-s1,5,12000,24000,0.9835,0.1319,0.2476,0.0163,0.8870,0.0107,0.0005,1.0000
CelebA-Spoof,xtype,3DMask+Phone+A4,resnet50,IBT-freq-s2,5,12000,24000,0.9889,0.0873,0.1582,0.0164,0.9243,0.0118,0.0013,0.9995
CelebA-Spoof,xtype,3DMask+Phone+A4,resnet50,IBT-freq-s3,5,12000,24000,0.9835,0.1468,0.2814,0.0123,0.8752,0.0075,0.0008,0.9998
CelebA-Spoof,xtype,3DMask+Phone+A4,resnet50,IBT-freq-s0,6,12000,24000,0.9806,0.1037,0.1930,0.0145,0.9109,0.0087,0.0005,0.9998
CelebA-Spoof,xtype,3DMask+Phone+A4,resnet50,IBT-freq-s1,6,12000,24000,0.9845,0.1106,0.2081,0.0130,0.9054,0.0088,0.0022,0.9992
CelebA-Spoof,xtype,3DMask+Phone+A4,resnet50,IBT-freq-s2,6,12000,24000,0.9823,0.1022,0.1885,0.0158,0.9120,0.0075,0.0011,0.9996
CelebA-Spoof,xtype,3DMask+Phone+A4,resnet50,IBT-freq-s3,6,12000,24000,0.9891,0.0883,0.1659,0.0108,0.9244,0.0059,0.0008,0.9997
CelebA-Spoof,xtype,3DMask+Phone+A4,resnet50,IBT-freq-s0,7,12000,24000,0.9858,0.0720,0.1299,0.0141,0.9375,0.0084,0.0025,0.9991
CelebA-Spoof,xtype,3DMask+Phone+A4,resnet50,IBT-freq-s1,7,12000,24000,0.9822,0.1040,0.1970,0.0110,0.9113,0.0099,0.0036,0.9988
CelebA-Spoof,xtype,3DMask+Phone+A4,resnet50,IBT-freq-s2,7,12000,24000,0.9649,0.1265,0.2219,0.0312,0.8891,0.0194,0.0073,0.9979
CelebA-Spoof,xtype,3DMask+Phone+A4,resnet50,IBT-freq-s3,7,12000,24000,0.9883,0.0971,0.1780,0.0161,0.9162,0.0075,0.0045,0.9986
CelebA-Spoof,xtype,3DMask+Phone+A4,resnet50,IBT-freq-s0,8,36000,24000,0.9939,0.1079,0.2112,0.0046,0.9090,0.0029,0.0059,0.9980
CelebA-Spoof,xtype,3DMask+Phone+A4,resnet50,IBT-freq-s1,8,36000,24000,0.9935,0.0964,0.1888,0.0039,0.9188,0.0024,0.0044,0.9985
CelebA-Spoof,xtype,3DMask+Phone+A4,resnet50,IBT-freq-s2,8,36000,24000,0.9896,0.1442,0.2828,0.0057,0.8785,0.0041,0.0054,0.9980
CelebA-Spoof,xtype,3DMask+Phone+A4,resnet50,IBT-freq-s3,8,36000,24000,0.9949,0.1098,0.2163,0.0032,0.9077,0.0020,0.0038,0.9988
CelebA-Spoof,xtype,3DMask+Phone+A4,resnet50,IBT-freq-s4,1,12000,24000,0.8816,0.2164,0.2990,0.1337,0.7972,0.1244,0.0013,0.9997
CelebA-Spoof,xtype,3DMask+Phone+A4,resnet50,IBT-reverse-s0,1,12000,24000,0.9767,0.0994,0.1761,0.0226,0.9132,0.0158,0.0065,0.9982
CelebA-Spoof,xtype,3DMask+Phone+A4,resnet50,IBT-reverse-s1,1,12000,24000,0.9640,0.0979,0.1407,0.0551,0.9091,0.0325,0.0030,0.9992
CelebA-Spoof,xtype,3DMask+Phone+A4,resnet50,IBT-reverse-s2,1,12000,24000,0.9586,0.1195,0.1877,0.0514,0.8916,0.0322,0.0077,0.9976
CelebA-Spoof,xtype,3DMask+Phone+A4,resnet50,IBT-freq-s4,2,12000,24000,0.9560,0.1006,0.1512,0.0499,0.9077,0.0346,0.0049,0.9984
CelebA-Spoof,xtype,3DMask+Phone+A4,resnet50,IBT-reverse-s0,2,12000,24000,0.9708,0.1089,0.2025,0.0153,0.9065,0.0105,0.0010,0.9998
CelebA-Spoof,xtype,3DMask+Phone+A4,resnet50,IBT-reverse-s1,2,12000,24000,0.9642,0.1194,0.2063,0.0325,0.8948,0.0245,0.0033,0.9991
CelebA-Spoof,xtype,3DMask+Phone+A4,resnet50,IBT-reverse-s2,2,12000,24000,0.9865,0.0894,0.1653,0.0135,0.9230,0.0092,0.0004,1.0000
CelebA-Spoof,xtype,3DMask+Phone+A4,resnet50,IBT-freq-s4,3,12000,24000,0.9634,0.0970,0.1628,0.0311,0.9138,0.0202,0.0028,0.9992
CelebA-Spoof,xtype,3DMask+Phone+A4,resnet50,IBT-reverse-s0,3,12000,24000,0.9259,0.1761,0.2797,0.0725,0.8409,0.0461,0.0023,0.9990
CelebA-Spoof,xtype,3DMask+Phone+A4,resnet50,IBT-reverse-s1,3,12000,24000,0.9743,0.1002,0.1735,0.0269,0.9118,0.0188,0.0010,0.9997
CelebA-Spoof,xtype,3DMask+Phone+A4,resnet50,IBT-reverse-s2,3,12000,24000,0.9802,0.0973,0.1643,0.0303,0.9137,0.0198,0.0011,0.9998
CelebA-Spoof,xtype,3DMask+Phone+A4,resnet50,IBT-freq-s4,4,12000,24000,0.9768,0.0911,0.1554,0.0268,0.9194,0.0205,0.0033,0.9990
CelebA-Spoof,xtype,3DMask+Phone+A4,resnet50,IBT-reverse-s0,4,12000,24000,0.9719,0.0879,0.1375,0.0382,0.9203,0.0184,0.0066,0.9976
CelebA-Spoof,xtype,3DMask+Phone+A4,resnet50,IBT-reverse-s1,4,12000,24000,0.9799,0.0971,0.1720,0.0221,0.9152,0.0226,0.0028,0.9993
CelebA-Spoof,xtype,3DMask+Phone+A4,resnet50,IBT-reverse-s2,4,12000,24000,0.9807,0.0901,0.1583,0.0218,0.9211,0.0162,0.0044,0.9985
CelebA-Spoof,xtype,3DMask+Phone+A4,resnet50,IBT-freq-s4,5,12000,24000,0.9744,0.1311,0.2474,0.0148,0.8880,0.0083,0.0003,1.0000
CelebA-Spoof,xtype,3DMask+Phone+A4,resnet50,IBT-reverse-s0,5,12000,24000,0.9812,0.0925,0.1682,0.0168,0.9199,0.0170,0.0016,0.9996
CelebA-Spoof,xtype,3DMask+Phone+A4,resnet50,IBT-reverse-s1,5,12000,24000,0.9813,0.0937,0.1633,0.0241,0.9177,0.0225,0.0047,0.9984
CelebA-Spoof,xtype,3DMask+Phone+A4,resnet50,IBT-reverse-s2,5,12000,24000,0.9923,0.0632,0.1105,0.0159,0.9445,0.0133,0.0004,1.0000
CelebA-Spoof,xtype,3DMask+Phone+A4,resnet50,IBT-freq-s4,6,12000,24000,0.9745,0.1211,0.2256,0.0167,0.8960,0.0090,0.0022,0.9991
CelebA-Spoof,xtype,3DMask+Phone+A4,resnet50,IBT-reverse-s0,6,12000,24000,0.9759,0.0946,0.1569,0.0323,0.9156,0.0226,0.0004,1.0000
CelebA-Spoof,xtype,3DMask+Phone+A4,resnet50,IBT-reverse-s1,6,12000,24000,0.9806,0.0793,0.1123,0.0463,0.9261,0.0383,0.0036,0.9989
CelebA-Spoof,xtype,3DMask+Phone+A4,resnet50,IBT-reverse-s2,6,12000,24000,0.9870,0.0924,0.1671,0.0176,0.9199,0.0141,0.0024,0.9997
CelebA-Spoof,xtype,3DMask+Phone+A4,resnet50,IBT-freq-s4,7,12000,24000,0.9737,0.1003,0.1829,0.0177,0.9133,0.0103,0.0067,0.9975
CelebA-Spoof,xtype,3DMask+Phone+A4,resnet50,IBT-reverse-s0,7,12000,24000,0.9695,0.1121,0.1976,0.0266,0.9019,0.0266,0.0011,0.9998
CelebA-Spoof,xtype,3DMask+Phone+A4,resnet50,IBT-reverse-s1,7,12000,24000,0.9578,0.1272,0.2245,0.0299,0.8888,0.0261,0.0004,0.9999
CelebA-Spoof,xtype,3DMask+Phone+A4,resnet50,IBT-reverse-s2,7,12000,24000,0.9905,0.0841,0.1598,0.0084,0.9283,0.0093,0.0002,1.0000
CelebA-Spoof,xtype,3DMask+Phone+A4,resnet50,IBT-freq-s4,8,36000,24000,0.9937,0.1160,0.2286,0.0033,0.9025,0.0029,0.0061,0.9983
CelebA-Spoof,xtype,3DMask+Phone+A4,resnet50,IBT-reverse-s0,8,36000,24000,0.9924,0.1162,0.2291,0.0032,0.9023,0.0027,0.0033,0.9991
CelebA-Spoof,xtype,3DMask+Phone+A4,resnet50,IBT-reverse-s1,8,36000,24000,0.9936,0.1044,0.2042,0.0047,0.9119,0.0036,0.0066,0.9980
CelebA-Spoof,xtype,3DMask+Phone+A4,resnet50,IBT-reverse-s2,8,36000,24000,0.9943,0.0984,0.1905,0.0062,0.9167,0.0034,0.0070,0.9974
CelebA-Spoof,xtype,3DMask+Phone+A4,resnet50,IBT-reverse-s3,1,12000,24000,0.8904,0.1724,0.2420,0.1027,0.8390,0.0719,0.0054,0.9986
CelebA-Spoof,xtype,3DMask+Phone+A4,resnet50,IBT-reverse-s4,1,12000,24000,0.9551,0.1187,0.1825,0.0550,0.8917,0.0316,0.0059,0.9985
CelebA-Spoof,xtype,3DMask+Phone+A4,resnet50,IBT-reverse-s3,2,12000,24000,0.9647,0.1390,0.2461,0.0320,0.8785,0.0233,0.0026,0.9997
CelebA-Spoof,xtype,3DMask+Phone+A4,resnet50,IBT-reverse-s4,2,12000,24000,0.9589,0.1371,0.2493,0.0249,0.8813,0.0160,0.0015,0.9997
CelebA-Spoof,xtype,3DMask+Phone+A4,resnet50,standard-s0,1,36000,24000,0.9809,0.1143,0.2160,0.0127,0.9023,0.0088,0.0136,0.9952
CelebA-Spoof,xtype,3DMask+Phone+A4,resnet50,IBT-reverse-s3,3,12000,24000,0.9147,0.1911,0.3122,0.0701,0.8287,0.0388,0.0045,0.9986
CelebA-Spoof,xtype,3DMask+Phone+A4,resnet50,standard-s1,1,36000,24000,0.9927,0.1125,0.2210,0.0040,0.9053,0.0021,0.0095,0.9971
CelebA-Spoof,xtype,3DMask+Phone+A4,resnet50,IBT-reverse-s4,3,12000,24000,0.9656,0.1356,0.2273,0.0440,0.8794,0.0308,0.0022,0.9993
CelebA-Spoof,xtype,3DMask+Phone+A4,resnet50,IBT-reverse-s3,4,12000,24000,0.9791,0.0867,0.1311,0.0424,0.9205,0.0251,0.0039,0.9982
CelebA-Spoof,xtype,3DMask+Phone+A4,resnet50,IBT-reverse-s4,4,12000,24000,0.9788,0.1032,0.1829,0.0235,0.9099,0.0186,0.0035,0.9989
CelebA-Spoof,xtype,3DMask+Phone+A4,resnet50,IBT-reverse-s3,5,12000,24000,0.9871,0.0760,0.1354,0.0166,0.9337,0.0138,0.0018,0.9995
CelebA-Spoof,xtype,3DMask+Phone+A4,resnet50,standard-s0,2,36000,24000,0.9921,0.0952,0.1870,0.0034,0.9198,0.0027,0.0069,0.9973
CelebA-Spoof,xtype,3DMask+Phone+A4,resnet50,IBT-reverse-s4,5,12000,24000,0.9832,0.0748,0.1243,0.0253,0.9333,0.0192,0.0047,0.9979
CelebA-Spoof,xtype,3DMask+Phone+A4,resnet50,standard-s1,2,36000,24000,0.9847,0.1244,0.2394,0.0093,0.8945,0.0055,0.0088,0.9971
CelebA-Spoof,xtype,3DMask+Phone+A4,resnet50,IBT-reverse-s3,6,12000,24000,0.9877,0.0546,0.0777,0.0315,0.9492,0.0235,0.0020,0.9997
CelebA-Spoof,xtype,3DMask+Phone+A4,resnet50,IBT-reverse-s4,6,12000,24000,0.9724,0.0945,0.1460,0.0429,0.9140,0.0356,0.0033,0.9991
CelebA-Spoof,xtype,3DMask+Phone+A4,resnet50,IBT-reverse-s3,7,12000,24000,0.9751,0.1066,0.1922,0.0211,0.9074,0.0174,0.0005,0.9999
CelebA-Spoof,xtype,3DMask+Phone+A4,resnet50,IBT-reverse-s4,7,12000,24000,0.9842,0.0950,0.1728,0.0172,0.9177,0.0154,0.0002,0.9999
CelebA-Spoof,xtype,3DMask+Phone+A4,resnet50,standard-s0,3,36000,24000,0.9836,0.1288,0.2478,0.0098,0.8907,0.0037,0.0032,0.9989
CelebA-Spoof,xtype,3DMask+Phone+A4,resnet50,standard-s1,3,36000,24000,0.9942,0.0950,0.1856,0.0045,0.9198,0.0034,0.0038,0.9989
CelebA-Spoof,xtype,3DMask+Phone+A4,resnet50,IBT-reverse-s3,8,36000,24000,0.9943,0.1111,0.2174,0.0048,0.9063,0.0034,0.0055,0.9982
CelebA-Spoof,xtype,3DMask+Phone+A4,resnet50,IBT-reverse-s4,8,36000,24000,0.9475,0.1297,0.2308,0.0286,0.8869,0.0213,0.0083,0.9974
CelebA-Spoof,xtype,3DMask+Phone+A4,resnet50,standard-s0,4,36000,24000,0.9867,0.1012,0.1921,0.0103,0.9137,0.0052,0.0057,0.9979
CelebA-Spoof,xtype,3DMask+Phone+A4,resnet50,standard-s1,4,36000,24000,0.9936,0.1005,0.1960,0.0051,0.9151,0.0039,0.0037,0.9987
CelebA-Spoof,xtype,3DMask+Phone+A4,resnet50,standard-s2,1,36000,24000,0.9898,0.0949,0.1822,0.0077,0.9194,0.0056,0.0099,0.9968
CelebA-Spoof,xtype,3DMask+Phone+A4,resnet50,standard-s0,5,36000,24000,0.9971,0.0747,0.1454,0.0039,0.9369,0.0017,0.0025,0.9992
CelebA-Spoof,xtype,3DMask+Phone+A4,resnet50,standard-s1,5,36000,24000,0.9958,0.0644,0.1233,0.0056,0.9452,0.0035,0.0041,0.9987
CelebA-Spoof,xtype,3DMask+Phone+A4,resnet50,standard-s3,1,36000,24000,0.9802,0.1562,0.3042,0.0082,0.8681,0.0046,0.0111,0.9963
CelebA-Spoof,xtype,3DMask+Phone+A4,resnet50,standard-s2,2,36000,24000,0.9885,0.1162,0.2240,0.0084,0.9015,0.0039,0.0089,0.9970
CelebA-Spoof,xtype,3DMask+Phone+A4,resnet50,standard-s0,6,36000,24000,0.9881,0.0923,0.1778,0.0068,0.9217,0.0039,0.0024,0.9993
CelebA-Spoof,xtype,3DMask+Phone+A4,resnet50,standard-s1,6,36000,24000,0.9957,0.0906,0.1767,0.0045,0.9235,0.0038,0.0010,0.9996
CelebA-Spoof,xtype,3DMask+Phone+A4,resnet50,standard-s3,2,36000,24000,0.9759,0.1305,0.2505,0.0105,0.8892,0.0072,0.0091,0.9970
CelebA-Spoof,xtype,3DMask+Phone+A4,resnet50,standard-s2,3,36000,24000,0.9924,0.1202,0.2377,0.0026,0.8991,0.0028,0.0031,0.9988
CelebA-Spoof,xtype,3DMask+Phone+A4,resnet50,standard-s0,7,36000,24000,0.9959,0.1095,0.2147,0.0042,0.9078,0.0027,0.0037,0.9990
CelebA-Spoof,xtype,3DMask+Phone+A4,resnet50,standard-s1,7,36000,24000,0.9901,0.1182,0.2316,0.0047,0.9004,0.0031,0.0026,0.9990
CelebA-Spoof,xtype,3DMask+Phone+A4,resnet50,standard-s3,3,36000,24000,0.9944,0.1173,0.2302,0.0043,0.9012,0.0023,0.0061,0.9981
CelebA-Spoof,xtype,3DMask+Phone+A4,resnet50,standard-s2,4,36000,24000,0.9868,0.1151,0.2233,0.0069,0.9026,0.0033,0.0037,0.9988
CelebA-Spoof,xtype,3DMask+Phone+A4,resnet50,standard-s0,8,36000,24000,0.9946,0.1019,0.2010,0.0027,0.9144,0.0021,0.0016,0.9995
CelebA-Spoof,xtype,3DMask+Phone+A4,resnet50,standard-s1,8,36000,24000,0.9922,0.1037,0.2041,0.0033,0.9127,0.0027,0.0013,0.9995
CelebA-Spoof,xtype,3DMask+Phone+A4,resnet50,standard-s3,4,36000,24000,0.9951,0.1136,0.2239,0.0034,0.9045,0.0025,0.0064,0.9978
CelebA-Spoof,xtype,3DMask+Phone+A4,resnet50,standard-s2,5,36000,24000,0.9922,0.1106,0.2135,0.0077,0.9063,0.0058,0.0044,0.9984
CelebA-Spoof,xtype,3DMask+Phone+A4,resnet50,standard-s4,1,36000,24000,0.9878,0.1140,0.2114,0.0165,0.9020,0.0094,0.0098,0.9964
CelebA-Spoof,xtype,3DMask+Phone+A4,resnet50,standard-s3,5,36000,24000,0.9964,0.0647,0.1257,0.0038,0.9453,0.0027,0.0036,0.9988
CelebA-Spoof,xtype,3DMask+Phone+A4,resnet50,standard-s2,6,36000,24000,0.9927,0.1081,0.2098,0.0064,0.9086,0.0033,0.0033,0.9988
CelebA-Spoof,xtype,3DMask+Phone+A4,resnext101_64x4d,IBT-freq-s0,1,12000,24000,0.8873,0.1703,0.2394,0.1012,0.8410,0.1046,0.0011,0.9998
CelebA-Spoof,xtype,3DMask+Phone+A4,resnet50,standard-s4,2,36000,24000,0.9828,0.1617,0.3159,0.0075,0.8636,0.0041,0.0109,0.9965
CelebA-Spoof,xtype,3DMask+Phone+A4,resnet50,standard-s3,6,36000,24000,0.9954,0.0944,0.1849,0.0040,0.9204,0.0022,0.0025,0.9992
CelebA-Spoof,xtype,3DMask+Phone+A4,resnet50,standard-s2,7,36000,24000,0.9920,0.1218,0.2364,0.0072,0.8970,0.0035,0.0079,0.9974
CelebA-Spoof,xtype,3DMask+Phone+A4,resnet50,standard-s4,3,36000,24000,0.9858,0.1415,0.2764,0.0066,0.8806,0.0030,0.0040,0.9986
CelebA-Spoof,xtype,3DMask+Phone+A4,resnet50,standard-s3,7,36000,24000,0.9946,0.0830,0.1602,0.0059,0.9296,0.0028,0.0059,0.9980
CelebA-Spoof,xtype,3DMask+Phone+A4,resnext101_64x4d,IBT-freq-s0,2,12000,24000,0.9709,0.1000,0.1867,0.0133,0.9142,0.0109,0.0022,0.9992
CelebA-Spoof,xtype,3DMask+Phone+A4,resnet50,standard-s2,8,36000,24000,0.9817,0.1364,0.2633,0.0095,0.8844,0.0054,0.0016,0.9993
CelebA-Spoof,xtype,3DMask+Phone+A4,resnet50,standard-s4,4,36000,24000,0.9864,0.1587,0.3109,0.0064,0.8663,0.0042,0.0030,0.9989
CelebA-Spoof,xtype,3DMask+Phone+A4,resnet50,standard-s3,8,36000,24000,0.9914,0.0874,0.1683,0.0065,0.9258,0.0024,0.0018,0.9994
CelebA-Spoof,xtype,3DMask+Phone+A4,resnext101_64x4d,IBT-freq-s0,3,12000,24000,0.9782,0.0923,0.1806,0.0041,0.9221,0.0038,0.0013,0.9995
CelebA-Spoof,xtype,3DMask+Phone+A4,resnet50,standard-s4,5,36000,24000,0.9938,0.1121,0.2193,0.0049,0.9055,0.0018,0.0046,0.9986
CelebA-Spoof,xtype,3DMask+Phone+A4,resnext101_64x4d,IBT-freq-s1,1,12000,24000,0.9598,0.1040,0.1386,0.0694,0.9016,0.0543,0.0032,0.9990
CelebA-Spoof,xtype,3DMask+Phone+A4,resnext101_64x4d,IBT-freq-s2,1,12000,24000,0.8920,0.1701,0.2168,0.1234,0.8376,0.1102,0.0008,0.9998
CelebA-Spoof,xtype,3DMask+Phone+A4,resnet50,standard-s4,6,36000,24000,0.9938,0.1077,0.2097,0.0057,0.9090,0.0027,0.0058,0.9980
CelebA-Spoof,xtype,3DMask+Phone+A4,resnext101_64x4d,IBT-freq-s0,4,12000,24000,0.9845,0.0790,0.1542,0.0037,0.9334,0.0022,0.0013,0.9997
CelebA-Spoof,xtype,3DMask+Phone+A4,resnext101_64x4d,IBT-freq-s1,2,12000,24000,0.9603,0.0940,0.1691,0.0188,0.9184,0.0138,0.0035,0.9991
CelebA-Spoof,xtype,3DMask+Phone+A4,resnet50,standard-s4,7,36000,24000,0.9918,0.1016,0.1959,0.0073,0.9139,0.0037,0.0017,0.9993
CelebA-Spoof,xtype,3DMask+Phone+A4,resnext101_64x4d,IBT-freq-s2,2,12000,24000,0.9935,0.0748,0.1441,0.0055,0.9365,0.0045,0.0017,0.9995
CelebA-Spoof,xtype,3DMask+Phone+A4,resnet50,standard-s4,8,36000,24000,0.9956,0.0876,0.1708,0.0044,0.9260,0.0019,0.0022,0.9992
CelebA-Spoof,xtype,3DMask+Phone+A4,resnext101_64x4d,IBT-freq-s0,5,12000,24000,0.9822,0.0643,0.1244,0.0042,0.9455,0.0018,0.0001,1.0000
CelebA-Spoof,xtype,3DMask+Phone+A4,resnext101_64x4d,IBT-freq-s1,3,12000,24000,0.9617,0.0734,0.1328,0.0140,0.9363,0.0114,0.0007,0.9998
CelebA-Spoof,xtype,3DMask+Phone+A4,resnext101_64x4d,IBT-freq-s2,3,12000,24000,0.9906,0.0712,0.1332,0.0092,0.9390,0.0069,0.0010,0.9998
CelebA-Spoof,xtype,3DMask+Phone+A4,resnext101_64x4d,IBT-freq-s0,6,12000,24000,0.9917,0.0833,0.1638,0.0029,0.9298,0.0026,0.0000,1.0000
CelebA-Spoof,xtype,3DMask+Phone+A4,resnext101_64x4d,IBT-freq-s3,1,12000,24000,0.8949,0.1586,0.2131,0.1042,0.8503,0.0880,0.0012,0.9998
CelebA-Spoof,xtype,3DMask+Phone+A4,resnext101_64x4d,IBT-freq-s1,4,12000,24000,0.9814,0.0746,0.1418,0.0074,0.9364,0.0048,0.0007,0.9998
CelebA-Spoof,xtype,3DMask+Phone+A4,resnext101_64x4d,IBT-freq-s2,4,12000,24000,0.9879,0.0778,0.1476,0.0079,0.9337,0.0057,0.0026,0.9992
CelebA-Spoof,xtype,3DMask+Phone+A4,resnext101_64x4d,IBT-freq-s0,7,12000,24000,0.9886,0.0762,0.1498,0.0026,0.9359,0.0028,0.0029,0.9992
CelebA-Spoof,xtype,3DMask+Phone+A4,resnext101_64x4d,IBT-freq-s3,2,12000,24000,0.9935,0.0732,0.1382,0.0082,0.9375,0.0065,0.0017,0.9996
CelebA-Spoof,xtype,3DMask+Phone+A4,resnext101_64x4d,IBT-freq-s1,5,12000,24000,0.9941,0.0663,0.1258,0.0068,0.9435,0.0038,0.0000,1.0000
CelebA-Spoof,xtype,3DMask+Phone+A4,resnext101_64x4d,IBT-freq-s2,5,12000,24000,0.9876,0.0696,0.1318,0.0074,0.9406,0.0050,0.0003,0.9999
CelebA-Spoof,xtype,3DMask+Phone+A4,resnext101_64x4d,IBT-freq-s3,3,12000,24000,0.9942,0.0521,0.0961,0.0081,0.9551,0.0046,0.0004,0.9999
CelebA-Spoof,xtype,3DMask+Phone+A4,resnext101_64x4d,IBT-freq-s1,6,12000,24000,0.9834,0.0876,0.1698,0.0054,0.9259,0.0032,0.0004,0.9998
CelebA-Spoof,xtype,3DMask+Phone+A4,resnext101_64x4d,IBT-freq-s2,6,12000,24000,0.9960,0.0650,0.1249,0.0051,0.9448,0.0039,0.0004,0.9999
CelebA-Spoof,xtype,3DMask+Phone+A4,resnext101_64x4d,IBT-freq-s3,4,12000,24000,0.9902,0.0788,0.1502,0.0074,0.9329,0.0039,0.0019,0.9991
CelebA-Spoof,xtype,3DMask+Phone+A4,resnext101_64x4d,IBT-freq-s1,7,12000,24000,0.9961,0.0568,0.1071,0.0064,0.9515,0.0020,0.0025,0.9992
CelebA-Spoof,xtype,3DMask+Phone+A4,resnext101_64x4d,IBT-freq-s0,8,36000,24000,0.9821,0.0550,0.1089,0.0011,0.9538,0.0009,0.0014,0.9997
CelebA-Spoof,xtype,3DMask+Phone+A4,resnext101_64x4d,IBT-freq-s2,7,12000,24000,0.9907,0.0824,0.1601,0.0047,0.9303,0.0046,0.0011,0.9996
CelebA-Spoof,xtype,3DMask+Phone+A4,resnext101_64x4d,IBT-freq-s3,5,12000,24000,0.9922,0.0767,0.1477,0.0057,0.9350,0.0029,0.0001,1.0000
CelebA-Spoof,xtype,3DMask+Phone+A4,resnext101_64x4d,IBT-freq-s4,1,12000,24000,0.8379,0.2055,0.2538,0.1573,0.8024,0.1473,0.0002,1.0000
CelebA-Spoof,xtype,3DMask+Phone+A4,resnext101_64x4d,IBT-freq-s3,6,12000,24000,0.9857,0.0778,0.1494,0.0062,0.9340,0.0041,0.0002,0.9999
CelebA-Spoof,xtype,3DMask+Phone+A4,resnext101_64x4d,IBT-freq-s4,2,12000,24000,0.9705,0.0898,0.1683,0.0112,0.9231,0.0090,0.0017,0.9996
CelebA-Spoof,xtype,3DMask+Phone+A4,resnext101_64x4d,IBT-freq-s1,8,36000,24000,0.9742,0.0579,0.1140,0.0018,0.9513,0.0006,0.0010,0.9997
CelebA-Spoof,xtype,3DMask+Phone+A4,resnext101_64x4d,IBT-freq-s3,7,12000,24000,0.9906,0.0651,0.1245,0.0057,0.9447,0.0044,0.0006,0.9998
CelebA-Spoof,xtype,3DMask+Phone+A4,resnext101_64x4d,IBT-freq-s2,8,36000,24000,0.9869,0.0709,0.1404,0.0014,0.9405,0.0004,0.0043,0.9989
CelebA-Spoof,xtype,3DMask+Phone+A4,resnext101_64x4d,IBT-freq-s4,3,12000,24000,0.9911,0.0531,0.0978,0.0084,0.9543,0.0070,0.0002,1.0000
CelebA-Spoof,xtype,3DMask+Phone+A4,resnext101_64x4d,IBT-reverse-s0,1,12000,24000,0.9776,0.0683,0.0953,0.0414,0.9361,0.0248,0.0023,0.9992
CelebA-Spoof,xtype,3DMask+Phone+A4,resnext101_64x4d,IBT-reverse-s1,1,12000,24000,0.9636,0.0964,0.1363,0.0566,0.9101,0.0318,0.0043,0.9988
CelebA-Spoof,xtype,3DMask+Phone+A4,resnext101_64x4d,IBT-freq-s4,4,12000,24000,0.9915,0.0756,0.1426,0.0087,0.9353,0.0091,0.0028,0.9992
CelebA-Spoof,xtype,3DMask+Phone+A4,resnext101_64x4d,IBT-reverse-s0,2,12000,24000,0.9900,0.0535,0.0959,0.0111,0.9535,0.0083,0.0013,0.9998
CelebA-Spoof,xtype,3DMask+Phone+A4,resnext101_64x4d,IBT-reverse-s1,2,12000,24000,0.9956,0.0421,0.0713,0.0130,0.9627,0.0089,0.0010,0.9998
CelebA-Spoof,xtype,3DMask+Phone+A4,resnext101_64x4d,IBT-freq-s3,8,36000,24000,0.9963,0.0662,0.1297,0.0028,0.9442,0.0011,0.0019,0.9995
CelebA-Spoof,xtype,3DMask+Phone+A4,resnext101_64x4d,IBT-freq-s4,5,12000,24000,0.9936,0.0639,0.1216,0.0062,0.9456,0.0038,0.0013,0.9994
CelebA-Spoof,xtype,3DMask+Phone+A4,resnext101_64x4d,IBT-reverse-s0,3,12000,24000,0.9901,0.0745,0.1365,0.0124,0.9357,0.0100,0.0027,0.9992
CelebA-Spoof,xtype,3DMask+Phone+A4,resnext101_64x4d,IBT-reverse-s1,3,12000,24000,0.9791,0.0798,0.1391,0.0204,0.9300,0.0150,0.0031,0.9991
CelebA-Spoof,xtype,3DMask+Phone+A4,resnext101_64x4d,IBT-reverse-s2,1,12000,24000,0.9793,0.0635,0.1126,0.0144,0.9445,0.0086,0.0010,0.9998
CelebA-Spoof,xtype,3DMask+Phone+A4,resnext101_64x4d,IBT-freq-s4,6,12000,24000,0.9903,0.0742,0.1422,0.0061,0.9370,0.0037,0.0000,1.0000
CelebA-Spoof,xtype,3DMask+Phone+A4,resnext101_64x4d,IBT-reverse-s0,4,12000,24000,0.9945,0.0704,0.1349,0.0059,0.9402,0.0043,0.0004,0.9998
CelebA-Spoof,xtype,3DMask+Phone+A4,resnext101_64x4d,IBT-reverse-s1,4,12000,24000,0.9769,0.0834,0.1525,0.0143,0.9279,0.0089,0.0019,0.9993
CelebA-Spoof,xtype,3DMask+Phone+A4,resnext101_64x4d,IBT-reverse-s2,2,12000,24000,0.9832,0.0642,0.1194,0.0091,0.9448,0.0063,0.0001,1.0000
CelebA-Spoof,xtype,3DMask+Phone+A4,resnext101_64x4d,IBT-freq-s4,7,12000,24000,0.9803,0.0880,0.1686,0.0073,0.9253,0.0052,0.0003,0.9999
CelebA-Spoof,xtype,3DMask+Phone+A4,resnext101_64x4d,IBT-reverse-s0,5,12000,24000,0.9709,0.0932,0.1743,0.0122,0.9200,0.0091,0.0004,1.0000
CelebA-Spoof,xtype,3DMask+Phone+A4,resnext101_64x4d,IBT-reverse-s1,5,12000,24000,0.9728,0.1088,0.2119,0.0057,0.9081,0.0076,0.0013,0.9996
CelebA-Spoof,xtype,3DMask+Phone+A4,resnext101_64x4d,IBT-reverse-s2,3,12000,24000,0.9905,0.0472,0.0815,0.0130,0.9584,0.0083,0.0028,0.9993
CelebA-Spoof,xtype,3DMask+Phone+A4,resnext101_64x4d,IBT-reverse-s0,6,12000,24000,0.9834,0.0744,0.1297,0.0191,0.9347,0.0121,0.0028,0.9995
CelebA-Spoof,xtype,3DMask+Phone+A4,resnext101_64x4d,IBT-reverse-s2,4,12000,24000,0.9784,0.0720,0.1320,0.0120,0.9378,0.0079,0.0012,0.9997
CelebA-Spoof,xtype,3DMask+Phone+A4,resnext101_64x4d,IBT-reverse-s1,6,12000,24000,0.9717,0.0587,0.1085,0.0088,0.9495,0.0091,0.0002,1.0000
CelebA-Spoof,xtype,3DMask+Phone+A4,resnext101_64x4d,IBT-reverse-s0,7,12000,24000,0.9962,0.0673,0.1326,0.0020,0.9434,0.0018,0.0001,1.0000
CelebA-Spoof,xtype,3DMask+Phone+A4,resnext101_64x4d,IBT-freq-s4,8,36000,24000,0.9969,0.0795,0.1589,0.0002,0.9335,0.0008,0.0014,0.9995
CelebA-Spoof,xtype,3DMask+Phone+A4,resnext101_64x4d,IBT-reverse-s2,5,12000,24000,0.9838,0.0814,0.1559,0.0069,0.9308,0.0067,0.0033,0.9988
CelebA-Spoof,xtype,3DMask+Phone+A4,resnext101_64x4d,IBT-reverse-s1,7,12000,24000,0.9943,0.0697,0.1349,0.0046,0.9410,0.0056,0.0001,1.0000
CelebA-Spoof,xtype,3DMask+Phone+A4,resnext101_64x4d,IBT-reverse-s3,1,12000,24000,0.9912,0.0494,0.0881,0.0107,0.9569,0.0086,0.0021,0.9994
CelebA-Spoof,xtype,3DMask+Phone+A4,resnext101_64x4d,IBT-reverse-s2,6,12000,24000,0.9884,0.0650,0.1172,0.0127,0.9436,0.0083,0.0015,0.9994
CelebA-Spoof,xtype,3DMask+Phone+A4,resnext101_64x4d,IBT-reverse-s3,2,12000,24000,0.9956,0.0446,0.0811,0.0082,0.9613,0.0065,0.0009,0.9998
CelebA-Spoof,xtype,3DMask+Phone+A4,resnext101_64x4d,IBT-reverse-s2,7,12000,24000,0.9951,0.0586,0.1144,0.0028,0.9505,0.0015,0.0001,1.0000
CelebA-Spoof,xtype,3DMask+Phone+A4,resnext101_64x4d,IBT-reverse-s0,8,36000,24000,0.9927,0.1232,0.2423,0.0042,0.8963,0.0036,0.0034,0.9989
CelebA-Spoof,xtype,3DMask+Phone+A4,resnext101_64x4d,IBT-reverse-s1,8,36000,24000,0.9925,0.0712,0.1410,0.0014,0.9402,0.0013,0.0026,0.9990
CelebA-Spoof,xtype,3DMask+Phone+A4,resnext101_64x4d,IBT-reverse-s3,3,12000,24000,0.9859,0.0598,0.1051,0.0146,0.9476,0.0107,0.0000,1.0000
CelebA-Spoof,xtype,3DMask+Phone+A4,resnext101_64x4d,IBT-reverse-s4,1,12000,24000,0.9785,0.0701,0.1004,0.0398,0.9349,0.0234,0.0020,0.9992
CelebA-Spoof,xtype,3DMask+Phone+A4,resnext101_64x4d,IBT-reverse-s3,4,12000,24000,0.9894,0.0747,0.1413,0.0080,0.9363,0.0066,0.0008,0.9998
CelebA-Spoof,xtype,3DMask+Phone+A4,resnext101_64x4d,IBT-reverse-s4,2,12000,24000,0.9869,0.0596,0.1103,0.0088,0.9487,0.0055,0.0001,1.0000
CelebA-Spoof,xtype,3DMask+Phone+A4,resnext101_64x4d,IBT-reverse-s2,8,36000,24000,0.9944,0.0917,0.1818,0.0016,0.9231,0.0013,0.0042,0.9989
CelebA-Spoof,xtype,3DMask+Phone+A4,resnext101_64x4d,IBT-reverse-s3,5,12000,24000,0.9853,0.0845,0.1611,0.0080,0.9280,0.0052,0.0007,0.9998
CelebA-Spoof,xtype,3DMask+Phone+A4,resnext101_64x4d,IBT-reverse-s4,3,12000,24000,0.9816,0.0740,0.1227,0.0253,0.9340,0.0132,0.0026,0.9992
CelebA-Spoof,xtype,3DMask+Phone+A4,resnext101_64x4d,standard-s0,1,36000,24000,0.9978,0.0706,0.1400,0.0011,0.9408,0.0010,0.0044,0.9987
CelebA-Spoof,xtype,3DMask+Phone+A4,resnext101_64x4d,IBT-reverse-s3,6,12000,24000,0.9828,0.0885,0.1622,0.0147,0.9236,0.0123,0.0016,0.9995
CelebA-Spoof,xtype,3DMask+Phone+A4,resnext101_64x4d,IBT-reverse-s4,4,12000,24000,0.9493,0.1084,0.2028,0.0139,0.9071,0.0155,0.0023,0.9991
CelebA-Spoof,xtype,3DMask+Phone+A4,resnext101_64x4d,IBT-reverse-s3,7,12000,24000,0.9911,0.0698,0.1308,0.0088,0.9402,0.0066,0.0000,1.0000
CelebA-Spoof,xtype,3DMask+Phone+A4,resnext101_64x4d,standard-s1,1,36000,24000,0.9973,0.0895,0.1768,0.0021,0.9248,0.0015,0.0046,0.9987
CelebA-Spoof,xtype,3DMask+Phone+A4,resnext101_64x4d,IBT-reverse-s4,5,12000,24000,0.9885,0.0646,0.1235,0.0057,0.9451,0.0024,0.0004,0.9998
CelebA-Spoof,xtype,3DMask+Phone+A4,resnext101_64x4d,standard-s0,2,36000,24000,0.9947,0.1127,0.2242,0.0011,0.9056,0.0005,0.0018,0.9994
CelebA-Spoof,xtype,3DMask+Phone+A4,resnext101_64x4d,IBT-reverse-s4,6,12000,24000,0.9920,0.0741,0.1449,0.0033,0.9375,0.0031,0.0001,1.0000
CelebA-Spoof,xtype,3DMask+Phone+A4,resnext101_64x4d,IBT-reverse-s3,8,36000,24000,0.9820,0.1039,0.2048,0.0030,0.9126,0.0013,0.0021,0.9992
CelebA-Spoof,xtype,3DMask+Phone+A4,resnext101_64x4d,IBT-reverse-s4,7,12000,24000,0.9939,0.0626,0.1183,0.0069,0.9465,0.0061,0.0001,1.0000
CelebA-Spoof,xtype,3DMask+Phone+A4,resnext101_64x4d,standard-s1,2,36000,24000,0.9951,0.0705,0.1386,0.0024,0.9407,0.0004,0.0034,0.9989
CelebA-Spoof,xtype,3DMask+Phone+A4,resnext101_64x4d,standard-s0,3,36000,24000,0.9728,0.2273,0.4299,0.0247,0.8059,0.0276,0.0049,0.9985
CelebA-Spoof,xtype,3DMask+Phone+A4,resnext101_64x4d,standard-s2,1,36000,24000,0.9988,0.0676,0.1328,0.0025,0.9430,0.0029,0.0063,0.9984
CelebA-Spoof,xtype,3DMask+Phone+A4,resnext101_64x4d,IBT-reverse-s4,8,36000,24000,0.9973,0.0620,0.1230,0.0010,0.9480,0.0005,0.0005,0.9998
CelebA-Spoof,xtype,3DMask+Phone+A4,resnext101_64x4d,standard-s1,3,36000,24000,0.9960,0.0859,0.1689,0.0028,0.9277,0.0022,0.0021,0.9994
CelebA-Spoof,xtype,3DMask+Phone+A4,resnext101_64x4d,standard-s0,4,36000,24000,0.9809,0.2049,0.3957,0.0142,0.8263,0.0156,0.0047,0.9986
CelebA-Spoof,xtype,3DMask+Phone+A4,resnext101_64x4d,standard-s2,2,36000,24000,0.9991,0.0525,0.1037,0.0013,0.9559,0.0010,0.0011,0.9997
CelebA-Spoof,xtype,3DMask+Phone+A4,resnext101_64x4d,standard-s3,1,36000,24000,0.9941,0.1029,0.2040,0.0018,0.9137,0.0004,0.0046,0.9988
CelebA-Spoof,xtype,3DMask+Phone+A4,resnext101_64x4d,standard-s1,4,36000,24000,0.9974,0.0660,0.1305,0.0015,0.9446,0.0013,0.0010,0.9998
CelebA-Spoof,xtype,3DMask+Phone+A4,resnext101_64x4d,standard-s0,5,36000,24000,0.9932,0.1313,0.2576,0.0049,0.8895,0.0032,0.0010,0.9997
CelebA-Spoof,xtype,3DMask+Phone+A4,resnext101_64x4d,standard-s2,3,36000,24000,0.9986,0.0706,0.1404,0.0008,0.9408,0.0006,0.0005,0.9999
CelebA-Spoof,xtype,3DMask+Phone+A4,resnext101_64x4d,standard-s1,5,36000,24000,0.9964,0.0710,0.1397,0.0022,0.9403,0.0019,0.0024,0.9993
CelebA-Spoof,xtype,3DMask+Phone+A4,resnext101_64x4d,standard-s3,2,36000,24000,0.9972,0.0942,0.1869,0.0016,0.9210,0.0011,0.0039,0.9990
CelebA-Spoof,xtype,3DMask+Phone+A4,resnext101_64x4d,standard-s0,6,36000,24000,0.9957,0.0923,0.1827,0.0019,0.9225,0.0008,0.0002,1.0000
CelebA-Spoof,xtype,3DMask+Phone+A4,resnext101_64x4d,standard-s2,4,36000,24000,0.9869,0.1348,0.2576,0.0120,0.8854,0.0111,0.0014,0.9995
CelebA-Spoof,xtype,3DMask+Phone+A4,resnext101_64x4d,standard-s1,6,36000,24000,0.9972,0.0765,0.1516,0.0014,0.9358,0.0004,0.0007,0.9997
CelebA-Spoof,xtype,3DMask+Phone+A4,resnext101_64x4d,standard-s3,3,36000,24000,0.9968,0.0777,0.1538,0.0016,0.9348,0.0003,0.0019,0.9994
CelebA-Spoof,xtype,3DMask+Phone+A4,resnext101_64x4d,standard-s0,7,36000,24000,0.9936,0.1362,0.2685,0.0039,0.8855,0.0039,0.0022,0.9994
CelebA-Spoof,xtype,3DMask+Phone+A4,resnext101_64x4d,standard-s2,5,36000,24000,0.9822,0.0740,0.1471,0.0009,0.9380,0.0009,0.0026,0.9993
CelebA-Spoof,xtype,3DMask+Phone+A4,resnext101_64x4d,standard-s1,7,36000,24000,0.9970,0.0944,0.1878,0.0011,0.9209,0.0004,0.0020,0.9995
CelebA-Spoof,xtype,3DMask+Phone+A4,resnext101_64x4d,standard-s3,4,36000,24000,0.9773,0.0680,0.1350,0.0010,0.9430,0.0007,0.0003,0.9999
CelebA-Spoof,xtype,3DMask+Phone+A4,resnext101_64x4d,standard-s0,8,36000,24000,0.9943,0.1540,0.3043,0.0038,0.8706,0.0037,0.0014,0.9995
CelebA-Spoof,xtype,3DMask+Phone+A4,resnext101_64x4d,standard-s2,6,36000,24000,0.9913,0.0716,0.1405,0.0026,0.9397,0.0012,0.0021,0.9995
CelebA-Spoof,xtype,3DMask+Phone+A4,resnext101_64x4d,standard-s1,8,36000,24000,0.9880,0.0844,0.1682,0.0005,0.9294,0.0008,0.0004,0.9998
CelebA-Spoof,xtype,3DMask+Phone+A4,resnext101_64x4d,standard-s3,5,36000,24000,0.9958,0.0664,0.1299,0.0029,0.9440,0.0033,0.0016,0.9997
OULU-NPU,xtype,replay1+replay2,resnet50,IBT-freq-s0,1,12000,24000,0.9667,0.2499,0.4975,0.0022,0.6604,0.0026,0.0001,1.0000
OULU-NPU,xtype,replay1+replay2,resnet50,IBT-freq-s0,2,12000,24000,0.8831,0.2818,0.5215,0.0421,0.6313,0.0248,0.0022,0.9994
OULU-NPU,xtype,replay1+replay2,resnet50,IBT-freq-s0,3,16000,24000,0.9470,0.3668,0.7336,0.0000,0.5002,0.0024,0.0000,1.0000
OULU-NPU,xtype,replay1+replay2,resnet50,IBT-freq-s1,1,12000,24000,0.9602,0.2639,0.5207,0.0071,0.6430,0.0012,0.0000,1.0000
OULU-NPU,xtype,replay1+replay2,resnet50,IBT-freq-s1,2,12000,24000,0.8174,0.3394,0.6680,0.0107,0.5415,0.0191,0.0001,1.0000
CelebA-Spoof,xtype,3DMask+Phone+A4,resnext101_64x4d,standard-s4,1,36000,24000,0.9977,0.1084,0.2154,0.0014,0.9092,0.0009,0.0049,0.9986
OULU-NPU,xtype,replay1+replay2,resnet50,IBT-freq-s1,3,16000,24000,0.9158,0.4178,0.8338,0.0017,0.4314,0.0002,0.0001,1.0000
OULU-NPU,xtype,replay1+replay2,resnet50,IBT-freq-s2,1,12000,24000,0.9339,0.3179,0.6292,0.0065,0.5693,0.0035,0.0001,1.0000
OULU-NPU,xtype,replay1+replay2,resnet50,IBT-freq-s2,2,12000,24000,0.9038,0.3227,0.6409,0.0044,0.5620,0.0046,0.0000,1.0000
CelebA-Spoof,xtype,3DMask+Phone+A4,resnext101_64x4d,standard-s2,7,36000,24000,0.9927,0.1565,0.3072,0.0058,0.8682,0.0059,0.0009,0.9997
OULU-NPU,xtype,replay1+replay2,resnet50,IBT-freq-s2,3,16000,24000,0.9061,0.4048,0.8094,0.0001,0.4485,0.0006,0.0000,1.0000
CelebA-Spoof,xtype,3DMask+Phone+A4,resnext101_64x4d,standard-s3,6,36000,24000,0.9788,0.1148,0.2265,0.0032,0.9035,0.0012,0.0022,0.9994
OULU-NPU,xtype,replay1+replay2,resnet50,IBT-freq-s3,1,12000,24000,0.9788,0.2886,0.5771,0.0001,0.6068,0.0099,0.0001,1.0000
OULU-NPU,xtype,replay1+replay2,resnet50,IBT-freq-s3,2,12000,24000,0.9053,0.3694,0.7386,0.0003,0.4968,0.0104,0.0001,1.0000
OULU-NPU,xtype,replay1+replay2,resnet50,IBT-freq-s3,3,16000,24000,0.9735,0.2828,0.5630,0.0026,0.6156,0.0016,0.0002,1.0000
OULU-NPU,xtype,replay1+replay2,resnet50,IBT-freq-s4,1,12000,24000,0.9107,0.3483,0.6957,0.0008,0.5258,0.0127,0.0013,0.9998
OULU-NPU,xtype,replay1+replay2,resnet50,IBT-freq-s4,2,12000,24000,0.8957,0.4011,0.8022,0.0000,0.4535,0.0036,0.0000,1.0000
CelebA-Spoof,xtype,3DMask+Phone+A4,resnext101_64x4d,standard-s4,2,36000,24000,0.9687,0.1741,0.3288,0.0193,0.8513,0.0226,0.0021,0.9996
OULU-NPU,xtype,replay1+replay2,resnet50,IBT-freq-s4,3,16000,24000,0.9142,0.3657,0.7296,0.0018,0.5024,0.0016,0.0016,0.9995
OULU-NPU,xtype,replay1+replay2,resnet50,IBT-reverse-s0,1,12000,24000,0.9030,0.2722,0.5283,0.0161,0.6350,0.0122,0.0001,1.0000
OULU-NPU,xtype,replay1+replay2,resnet50,IBT-reverse-s0,2,12000,24000,0.9150,0.2879,0.5731,0.0027,0.6087,0.0044,0.0000,1.0000
CelebA-Spoof,xtype,3DMask+Phone+A4,resnext101_64x4d,standard-s2,8,36000,24000,0.9945,0.1081,0.2124,0.0037,0.9090,0.0024,0.0026,0.9990
OULU-NPU,xtype,replay1+replay2,resnet50,IBT-reverse-s0,3,16000,24000,0.9744,0.3658,0.7317,0.0000,0.5015,0.0026,0.0000,1.0000
OULU-NPU,xtype,replay1+replay2,resnet50,IBT-reverse-s1,1,12000,24000,0.7634,0.3615,0.7020,0.0210,0.5151,0.0271,0.0000,1.0000
CelebA-Spoof,xtype,3DMask+Phone+A4,resnext101_64x4d,standard-s3,7,36000,24000,0.9969,0.0849,0.1675,0.0023,0.9286,0.0014,0.0025,0.9992
OULU-NPU,xtype,replay1+replay2,resnet50,IBT-reverse-s2,1,12000,24000,0.8990,0.2779,0.5350,0.0208,0.6289,0.0187,0.0001,1.0000
OULU-NPU,xtype,replay1+replay2,resnet50,IBT-reverse-s1,2,12000,24000,0.9420,0.3451,0.6870,0.0033,0.5310,0.0046,0.0002,0.9999
OULU-NPU,xtype,replay1+replay2,resnet50,IBT-reverse-s2,2,12000,24000,0.8282,0.3523,0.7046,0.0000,0.5200,0.0044,0.0001,1.0000
OULU-NPU,xtype,replay1+replay2,resnet50,IBT-reverse-s1,3,16000,24000,0.9462,0.3602,0.7204,0.0000,0.5092,0.0006,0.0000,1.0000
OULU-NPU,xtype,replay1+replay2,resnet50,IBT-reverse-s2,3,16000,24000,0.9610,0.3657,0.7314,0.0000,0.5018,0.0004,0.0000,1.0000
OULU-NPU,xtype,replay1+replay2,resnet50,IBT-reverse-s3,1,12000,24000,0.8482,0.3536,0.6886,0.0186,0.5250,0.0135,0.0025,0.9993
OULU-NPU,xtype,replay1+replay2,resnet50,IBT-reverse-s4,1,12000,24000,0.8741,0.3007,0.5802,0.0212,0.5980,0.0126,0.0001,1.0000
OULU-NPU,xtype,replay1+replay2,resnet50,IBT-reverse-s3,2,12000,24000,0.9144,0.3117,0.6191,0.0043,0.5768,0.0015,0.0001,1.0000
OULU-NPU,xtype,replay1+replay2,resnet50,IBT-reverse-s4,2,12000,24000,0.9175,0.3253,0.6463,0.0043,0.5583,0.0071,0.0001,1.0000
OULU-NPU,xtype,replay1+replay2,resnet50,IBT-reverse-s3,3,16000,24000,0.9131,0.3662,0.7322,0.0003,0.5011,0.0013,0.0000,1.0000
CelebA-Spoof,xtype,3DMask+Phone+A4,resnext101_64x4d,standard-s4,3,36000,24000,0.9892,0.0758,0.1499,0.0016,0.9364,0.0009,0.0008,0.9999
OULU-NPU,xtype,replay1+replay2,resnet50,IBT-reverse-s4,3,16000,24000,0.9002,0.3692,0.7380,0.0004,0.4971,0.0000,0.0000,1.0000
OULU-NPU,xtype,replay1+replay2,resnet50,standard-s0,1,16000,24000,0.9762,0.3109,0.6218,0.0000,0.5764,0.0000,0.0000,1.0000
OULU-NPU,xtype,replay1+replay2,resnet50,standard-s1,1,16000,24000,0.9447,0.3408,0.6817,0.0000,0.5356,0.0005,0.0003,0.9999
OULU-NPU,xtype,replay1+replay2,resnet50,standard-s0,2,16000,24000,0.9012,0.3511,0.6970,0.0051,0.5235,0.0006,0.0000,1.0000
OULU-NPU,xtype,replay1+replay2,resnet50,standard-s1,2,16000,24000,0.9475,0.3622,0.7245,0.0000,0.5065,0.0004,0.0000,1.0000
OULU-NPU,xtype,replay1+replay2,resnet50,standard-s0,3,16000,24000,0.9167,0.3732,0.7413,0.0051,0.4934,0.0003,0.0000,1.0000
OULU-NPU,xtype,replay1+replay2,resnet50,standard-s1,3,16000,24000,0.9483,0.3690,0.7379,0.0000,0.4973,0.0001,0.0000,1.0000
CelebA-Spoof,xtype,3DMask+Phone+A4,resnext101_64x4d,standard-s3,8,36000,24000,0.9692,0.0643,0.1217,0.0069,0.9451,0.0049,0.0009,0.9997
OULU-NPU,xtype,replay1+replay2,resnet50,standard-s2,1,16000,24000,0.9589,0.3860,0.7720,0.0000,0.4740,0.0039,0.0000,1.0000
OULU-NPU,xtype,replay1+replay2,resnet50,standard-s3,1,16000,24000,0.9507,0.3724,0.7410,0.0038,0.4940,0.0000,0.0001,1.0000
OULU-NPU,xtype,replay1+replay2,resnet50,standard-s4,1,16000,24000,0.9601,0.3094,0.6182,0.0007,0.5787,0.0000,0.0032,0.9992
OULU-NPU,xtype,replay1+replay2,resnet50,standard-s2,2,16000,24000,0.9525,0.3936,0.7873,0.0000,0.4637,0.0035,0.0000,1.0000
OULU-NPU,xtype,replay1+replay2,resnet50,standard-s3,2,16000,24000,0.9429,0.2601,0.5130,0.0072,0.6482,0.0087,0.0089,0.9968
OULU-NPU,xtype,replay1+replay2,resnet50,standard-s4,2,16000,24000,0.9718,0.3098,0.6195,0.0000,0.5780,0.0002,0.0000,1.0000
OULU-NPU,xtype,replay1+replay2,resnet50,standard-s2,3,16000,24000,0.8866,0.3654,0.7309,0.0000,0.5021,0.0020,0.0001,1.0000
OULU-NPU,xtype,replay1+replay2,resnet50,standard-s3,3,16000,24000,0.9571,0.3866,0.7732,0.0000,0.4733,0.0006,0.0000,1.0000
OULU-NPU,xtype,replay1+replay2,resnet50,standard-s4,3,16000,24000,0.9732,0.3202,0.6403,0.0000,0.5638,0.0000,0.0000,1.0000
CelebA-Spoof,within,,resnet50,IBT-freq-s0,1,12000,24000,0.8552,0.2222,0.3675,0.0770,0.7192,0.0899,0.0002,1.0000
CelebA-Spoof,within,,resnet50,IBT-freq-s1,1,12000,24000,0.8347,0.2392,0.3613,0.1170,0.7115,0.1011,0.0004,1.0000
CelebA-Spoof,within,,resnet50,IBT-freq-s0,2,12000,24000,0.9556,0.1203,0.1964,0.0443,0.8490,0.0332,0.0033,0.9991
CelebA-Spoof,within,,resnet50,IBT-freq-s2,1,12000,24000,0.8599,0.2068,0.3239,0.0898,0.7460,0.0837,0.0009,0.9998
CelebA-Spoof,xtype,3DMask+Phone+A4,resnext101_64x4d,standard-s4,4,36000,24000,0.9971,0.0986,0.1956,0.0016,0.9173,0.0006,0.0023,0.9992
CelebA-Spoof,within,,resnet50,IBT-freq-s1,2,12000,24000,0.9691,0.1043,0.1475,0.0612,0.8782,0.0487,0.0048,0.9984
CelebA-Spoof,within,,resnet50,IBT-freq-s0,3,12000,24000,0.9441,0.1213,0.1782,0.0644,0.8558,0.0476,0.0021,0.9992
CelebA-Spoof,within,,resnet50,IBT-freq-s2,2,12000,24000,0.9717,0.1001,0.1432,0.0571,0.8825,0.0489,0.0054,0.9982
CelebA-Spoof,within,,resnet50,IBT-freq-s1,3,12000,24000,0.9241,0.1657,0.2577,0.0736,0.7972,0.0460,0.0014,0.9998
CelebA-Spoof,within,,resnet50,IBT-freq-s0,4,12000,24000,0.9746,0.1023,0.1713,0.0334,0.8699,0.0254,0.0058,0.9981
CelebA-Spoof,within,,resnet50,IBT-freq-s2,3,12000,24000,0.9712,0.1109,0.1834,0.0384,0.8598,0.0234,0.0005,1.0000
CelebA-Spoof,within,,resnet50,IBT-freq-s1,4,12000,24000,0.9719,0.0951,0.1523,0.0378,0.8818,0.0302,0.0108,0.9964
CelebA-Spoof,within,,resnet50,IBT-freq-s0,5,12000,24000,0.9880,0.0572,0.0762,0.0381,0.9352,0.0429,0.0090,0.9966
CelebA-Spoof,within,,resnet50,IBT-freq-s2,4,12000,24000,0.9531,0.1090,0.1850,0.0330,0.8603,0.0235,0.0041,0.9992
CelebA-Spoof,within,,resnet50,IBT-freq-s1,5,12000,24000,0.9824,0.0817,0.1388,0.0246,0.8952,0.0345,0.0021,0.9992
CelebA-Spoof,within,,resnet50,IBT-freq-s0,6,12000,24000,0.9417,0.1556,0.2809,0.0303,0.7939,0.0249,0.0009,0.9998
CelebA-Spoof,within,,resnet50,IBT-freq-s2,5,12000,24000,0.9814,0.0925,0.1541,0.0309,0.8827,0.0253,0.0041,0.9983
CelebA-Spoof,within,,resnet50,IBT-freq-s1,6,12000,24000,0.9431,0.1633,0.3072,0.0193,0.7787,0.0173,0.0003,1.0000
CelebA-Spoof,within,,resnet50,IBT-freq-s0,7,12000,24000,0.9681,0.1114,0.1957,0.0271,0.8546,0.0172,0.0048,0.9984
CelebA-Spoof,within,,resnet50,IBT-freq-s2,6,12000,24000,0.9602,0.1455,0.2676,0.0233,0.8053,0.0196,0.0003,1.0000
CelebA-Spoof,within,,resnet50,IBT-freq-s1,7,12000,24000,0.9846,0.1061,0.2011,0.0112,0.8556,0.0077,0.0037,0.9982
CelebA-Spoof,within,,resnet50,IBT-freq-s0,8,12000,24000,0.9465,0.1561,0.2811,0.0310,0.7935,0.0305,0.0027,0.9988
CelebA-Spoof,within,,resnet50,IBT-freq-s2,7,12000,24000,0.9685,0.1440,0.2714,0.0166,0.8046,0.0121,0.0055,0.9986
CelebA-Spoof,within,,resnet50,IBT-freq-s1,8,12000,24000,0.9648,0.1212,0.2285,0.0140,0.8355,0.0121,0.0014,0.9995
CelebA-Spoof,within,,resnet50,IBT-freq-s0,9,12000,24000,0.9569,0.1499,0.2879,0.0119,0.7944,0.0099,0.0009,0.9998
CelebA-Spoof,within,,resnet50,IBT-freq-s2,8,12000,24000,0.9500,0.1405,0.2590,0.0221,0.8117,0.0169,0.0010,0.9996
CelebA-Spoof,within,,resnet50,IBT-freq-s1,9,12000,24000,0.9625,0.1327,0.2514,0.0140,0.8194,0.0102,0.0008,0.9998
CelebA-Spoof,within,,resnet50,IBT-freq-s0,10,12000,24000,0.9604,0.1432,0.2707,0.0156,0.8054,0.0104,0.0009,0.9998
CelebA-Spoof,within,,resnet50,IBT-freq-s2,9,12000,24000,0.9709,0.1295,0.2501,0.0089,0.8219,0.0075,0.0004,1.0000
CelebA-Spoof,within,,resnet50,IBT-freq-s1,10,12000,24000,0.9722,0.1151,0.2117,0.0184,0.8460,0.0136,0.0023,0.9992
CelebA-Spoof,within,,resnet50,IBT-freq-s2,10,12000,24000,0.9797,0.1074,0.1942,0.0205,0.8576,0.0169,0.0031,0.9990
CelebA-Spoof,xtype,3DMask+Phone+A4,resnext101_64x4d,standard-s4,5,36000,24000,0.9895,0.1540,0.3041,0.0039,0.8706,0.0040,0.0011,0.9995
CelebA-Spoof,within,,resnet50,IBT-freq-s0,11,48000,24000,0.9761,0.1553,0.3005,0.0101,0.7862,0.0071,0.0072,0.9976
CelebA-Spoof,within,,resnet50,IBT-freq-s1,11,48000,24000,0.9854,0.1609,0.3186,0.0031,0.7755,0.0039,0.0083,0.9975
CelebA-Spoof,within,,resnet50,IBT-freq-s2,11,48000,24000,0.9875,0.1467,0.2878,0.0057,0.7964,0.0045,0.0054,0.9982
CelebA-Spoof,within,,resnet50,IBT-reverse-s0,1,12000,24000,0.9366,0.1348,0.1985,0.0711,0.8395,0.0653,0.0059,0.9983
CelebA-Spoof,within,,resnet50,IBT-reverse-s1,1,12000,24000,0.9461,0.1304,0.2045,0.0564,0.8397,0.0412,0.0042,0.9992
CelebA-Spoof,within,,resnet50,IBT-reverse-s0,2,12000,24000,0.9444,0.1335,0.2360,0.0310,0.8252,0.0209,0.0012,0.9998
CelebA-Spoof,within,,resnet50,IBT-reverse-s2,1,12000,24000,0.9428,0.1243,0.1691,0.0796,0.8576,0.0657,0.0076,0.9982
CelebA-Spoof,within,,resnet50,IBT-reverse-s1,2,12000,24000,0.9510,0.1393,0.2553,0.0233,0.8139,0.0177,0.0002,1.0000
CelebA-Spoof,within,,resnet50,IBT-reverse-s0,3,12000,24000,0.9485,0.1315,0.2364,0.0267,0.8262,0.0188,0.0016,0.9994
CelebA-Spoof,within,,resnet50,IBT-reverse-s2,2,12000,24000,0.9559,0.1128,0.2057,0.0200,0.8497,0.0149,0.0003,1.0000
CelebA-Spoof,within,,resnet50,IBT-reverse-s1,3,12000,24000,0.9297,0.1663,0.2913,0.0412,0.7833,0.0347,0.0023,0.9992
CelebA-Spoof,within,,resnet50,IBT-reverse-s0,4,12000,24000,0.9695,0.1034,0.1738,0.0330,0.8682,0.0228,0.0033,0.9989
CelebA-Spoof,within,,resnet50,IBT-reverse-s2,3,12000,24000,0.9378,0.1538,0.2719,0.0358,0.7985,0.0260,0.0014,0.9997
CelebA-Spoof,within,,resnet50,IBT-reverse-s1,4,12000,24000,0.9545,0.1102,0.1544,0.0659,0.8720,0.0326,0.0061,0.9982
CelebA-Spoof,within,,resnet50,IBT-reverse-s0,5,12000,24000,0.9377,0.1586,0.2875,0.0296,0.7894,0.0248,0.0012,0.9995
CelebA-Spoof,within,,resnet50,IBT-reverse-s2,4,12000,24000,0.9556,0.1183,0.1996,0.0369,0.8489,0.0238,0.0029,0.9990
CelebA-Spoof,within,,resnet50,IBT-reverse-s1,5,12000,24000,0.9344,0.1786,0.3283,0.0289,0.7610,0.0253,0.0009,0.9998
CelebA-Spoof,within,,resnet50,IBT-reverse-s0,6,12000,24000,0.9864,0.0889,0.1615,0.0162,0.8818,0.0122,0.0022,0.9992
CelebA-Spoof,within,,resnet50,IBT-reverse-s2,5,12000,24000,0.9449,0.1548,0.2900,0.0197,0.7907,0.0182,0.0003,1.0000
CelebA-Spoof,within,,resnet50,IBT-reverse-s1,6,12000,24000,0.9848,0.1158,0.2176,0.0141,0.8431,0.0107,0.0009,0.9998
CelebA-Spoof,within,,resnet50,IBT-reverse-s0,7,12000,24000,0.9840,0.0989,0.1839,0.0140,0.8668,0.0088,0.0031,0.9990
CelebA-Spoof,within,,resnet50,IBT-reverse-s2,6,12000,24000,0.9847,0.1309,0.2513,0.0105,0.8205,0.0085,0.0008,0.9999
CelebA-Spoof,within,,resnet50,IBT-reverse-s1,7,12000,24000,0.9775,0.1095,0.2062,0.0128,0.8515,0.0105,0.0027,0.9990
CelebA-Spoof,xtype,3DMask+Phone+A4,resnext101_64x4d,standard-s4,6,36000,24000,0.9966,0.0713,0.1417,0.0009,0.9402,0.0006,0.0001,1.0000
CelebA-Spoof,within,,resnet50,IBT-reverse-s0,8,12000,24000,0.9761,0.1070,0.1983,0.0156,0.8562,0.0131,0.0002,1.0000
CelebA-Spoof,within,,resnet50,IBT-reverse-s2,7,12000,24000,0.9811,0.0938,0.1721,0.0155,0.8746,0.0112,0.0011,0.9998
CelebA-Spoof,within,,resnet50,IBT-reverse-s1,8,12000,24000,0.9676,0.1325,0.2493,0.0156,0.8204,0.0148,0.0002,1.0000
CelebA-Spoof,within,,resnet50,IBT-reverse-s0,9,12000,24000,0.9893,0.0607,0.0950,0.0264,0.9255,0.0193,0.0021,0.9993
CelebA-Spoof,within,,resnet50,IBT-reverse-s2,8,12000,24000,0.9818,0.0991,0.1879,0.0103,0.8651,0.0083,0.0006,0.9998
CelebA-Spoof,within,,resnet50,IBT-reverse-s1,9,12000,24000,0.9813,0.0946,0.1640,0.0253,0.8774,0.0313,0.0035,0.9988
CelebA-Spoof,within,,resnet50,IBT-reverse-s0,10,12000,24000,0.9764,0.1182,0.2269,0.0095,0.8380,0.0095,0.0002,0.9999
CelebA-Spoof,within,,resnet50,IBT-reverse-s2,9,12000,24000,0.9871,0.0736,0.1195,0.0278,0.9079,0.0237,0.0038,0.9988
CelebA-Spoof,within,,resnet50,IBT-reverse-s1,10,12000,24000,0.9733,0.1457,0.2808,0.0106,0.7998,0.0119,0.0002,1.0000
CelebA-Spoof,within,,resnet50,IBT-reverse-s2,10,12000,24000,0.9779,0.1287,0.2470,0.0103,0.8236,0.0111,0.0002,1.0000
CelebA-Spoof,within,,resnet50,IBT-reverse-s0,11,48000,24000,0.9867,0.1135,0.2233,0.0036,0.8423,0.0042,0.0072,0.9979
CelebA-Spoof,within,,resnet50,IBT-reverse-s1,11,48000,24000,0.9878,0.1367,0.2684,0.0050,0.8102,0.0041,0.0061,0.9982
CelebA-Spoof,within,,resnet50,IBT-reverse-s2,11,48000,24000,0.9909,0.1258,0.2489,0.0027,0.8246,0.0031,0.0044,0.9985
CelebA-Spoof,within,,resnet50,standard-s0,1,48000,24000,0.9854,0.1394,0.2747,0.0041,0.8060,0.0033,0.0123,0.9959
CelebA-Spoof,within,,resnet50,standard-s1,1,48000,24000,0.9808,0.1468,0.2885,0.0050,0.7960,0.0027,0.0152,0.9953
CelebA-Spoof,xtype,3DMask+Phone+A4,resnext101_64x4d,standard-s4,7,36000,24000,0.9769,0.0676,0.1342,0.0010,0.9433,0.0009,0.0010,0.9996
CelebA-Spoof,within,,resnet50,standard-s2,1,48000,24000,0.9869,0.1208,0.2359,0.0057,0.8328,0.0044,0.0138,0.9953
CelebA-Spoof,within,,resnet50,standard-s0,2,48000,24000,0.9851,0.1423,0.2779,0.0067,0.8030,0.0040,0.0115,0.9961
CelebA-Spoof,within,,resnet50,standard-s1,2,48000,24000,0.9432,0.1903,0.3710,0.0096,0.7368,0.0075,0.0080,0.9975
CelebA-Spoof,within,,resnet50,standard-s2,2,48000,24000,0.9899,0.1565,0.3101,0.0029,0.7815,0.0027,0.0067,0.9980
CelebA-Spoof,within,,resnet50,standard-s0,3,48000,24000,0.9627,0.1514,0.2978,0.0050,0.7895,0.0038,0.0059,0.9980
CelebA-Spoof,within,,resnet50,standard-s1,3,48000,24000,0.9883,0.1223,0.2387,0.0059,0.8308,0.0034,0.0086,0.9972
CelebA-Spoof,within,,resnet50,standard-s2,3,48000,24000,0.9913,0.1363,0.2691,0.0035,0.8101,0.0029,0.0057,0.9979
CelebA-Spoof,within,,resnet50,standard-s0,4,48000,24000,0.9887,0.1363,0.2685,0.0041,0.8104,0.0040,0.0073,0.9974
CelebA-Spoof,within,,resnet50,standard-s1,4,48000,24000,0.9873,0.1096,0.2093,0.0099,0.8502,0.0041,0.0066,0.9977
CelebA-Spoof,xtype,3DMask+Phone+A4,resnext101_64x4d,standard-s4,8,36000,24000,0.9899,0.1256,0.2503,0.0009,0.8948,0.0007,0.0019,0.9993
CelebA-Spoof,within,,resnet50,standard-s2,4,48000,24000,0.9896,0.1530,0.3022,0.0038,0.7868,0.0031,0.0032,0.9989
CASIA-SURF,within,,resnet50,IBT-freq-s0,1,12000,24000,0.7716,0.3023,0.2964,0.3083,0.7000,0.2880,0.0000,1.0000
CelebA-Spoof,within,,resnet50,standard-s0,5,48000,24000,0.9919,0.1363,0.2694,0.0032,0.8100,0.0029,0.0032,0.9989
CASIA-SURF,within,,resnet50,IBT-freq-s0,2,12000,24000,0.6782,0.3869,0.3646,0.4093,0.6220,0.3893,0.0001,1.0000
CelebA-Spoof,within,,resnet50,standard-s1,5,48000,24000,0.9948,0.1101,0.2176,0.0027,0.8465,0.0017,0.0033,0.9990
CASIA-SURF,within,,resnet50,IBT-freq-s0,3,12000,24000,0.7914,0.2933,0.2747,0.3120,0.7141,0.2649,0.0010,0.9998
CelebA-Spoof,within,,resnet50,standard-s2,5,48000,24000,0.9941,0.0963,0.1899,0.0027,0.8660,0.0029,0.0022,0.9992
CASIA-SURF,within,,resnet50,IBT-freq-s0,4,20000,24000,0.7909,0.2873,0.3030,0.2716,0.7064,0.2720,0.0001,1.0000
CelebA-Spoof,within,,resnet50,standard-s0,6,48000,24000,0.9895,0.1547,0.3078,0.0015,0.7835,0.0015,0.0005,0.9998
CASIA-SURF,within,,resnet50,IBT-freq-s1,1,12000,24000,0.7277,0.3395,0.3246,0.3543,0.6665,0.3180,0.0000,1.0000
CelebA-Spoof,within,,resnet50,standard-s1,6,48000,24000,0.9875,0.1439,0.2823,0.0054,0.8003,0.0073,0.0044,0.9984
CelebA-Spoof,within,,resnet50,standard-s2,6,48000,24000,0.9949,0.1130,0.2242,0.0018,0.8421,0.0017,0.0009,0.9997
CASIA-SURF,within,,resnet50,IBT-freq-s1,2,12000,24000,0.7599,0.3096,0.3078,0.3113,0.6911,0.2986,0.0000,1.0000
CASIA-SURF,within,,resnet50,IBT-freq-s1,3,12000,24000,0.9520,0.1267,0.1257,0.1278,0.8737,0.1144,0.0000,1.0000
CelebA-Spoof,within,,resnet50,standard-s0,7,48000,24000,0.9861,0.1364,0.2689,0.0039,0.8101,0.0026,0.0026,0.9991
CelebA-Spoof,within,,resnet50,standard-s1,7,48000,24000,0.9912,0.1400,0.2779,0.0021,0.8044,0.0021,0.0027,0.9991
CASIA-SURF,within,,resnet50,IBT-freq-s1,4,20000,24000,0.9147,0.1594,0.1610,0.1579,0.8400,0.1381,0.0000,1.0000
CelebA-Spoof,within,,resnet50,standard-s2,7,48000,24000,0.9956,0.1077,0.2134,0.0020,0.8497,0.0014,0.0006,0.9998
CASIA-SURF,within,,resnet50,IBT-freq-s2,1,12000,24000,0.7855,0.2880,0.2931,0.2830,0.7100,0.2781,0.0000,1.0000
CASIA-SURF,within,,resnet50,IBT-freq-s2,2,12000,24000,0.7322,0.3291,0.3496,0.3087,0.6627,0.3308,0.0000,1.0000
CelebA-Spoof,within,,resnet50,standard-s0,8,48000,24000,0.9845,0.1410,0.2795,0.0025,0.8032,0.0025,0.0005,0.9998
CASIA-SURF,within,,resnet50,IBT-freq-s2,3,12000,24000,0.8618,0.2172,0.2087,0.2256,0.7862,0.1754,0.0008,0.9998
CelebA-Spoof,within,,resnet50,standard-s1,8,48000,24000,0.9953,0.1007,0.1981,0.0034,0.8600,0.0021,0.0014,0.9995
CelebA-Spoof,within,,resnet50,standard-s2,8,48000,24000,0.9920,0.1025,0.1994,0.0056,0.8584,0.0041,0.0018,0.9994
CASIA-SURF,within,,resnet50,IBT-freq-s2,4,20000,24000,0.7985,0.2769,0.2823,0.2715,0.7210,0.2738,0.0000,1.0000
CASIA-SURF,within,,resnet50,IBT-freq-s3,1,12000,24000,0.6851,0.3630,0.3670,0.3590,0.6354,0.3351,0.0000,1.0000
CelebA-Spoof,within,,resnet50,standard-s0,9,48000,24000,0.9928,0.1137,0.2224,0.0050,0.8425,0.0046,0.0016,0.9995
CelebA-Spoof,within,,resnet50,standard-s1,9,48000,24000,0.9937,0.1266,0.2502,0.0029,0.8235,0.0024,0.0005,0.9998
CASIA-SURF,within,,resnet50,IBT-freq-s3,2,12000,24000,0.6317,0.4204,0.4553,0.3855,0.5656,0.4603,0.0000,1.0000
CelebA-Spoof,within,,resnet50,standard-s2,9,48000,24000,0.9953,0.1131,0.2236,0.0025,0.8423,0.0023,0.0019,0.9993
CASIA-SURF,within,,resnet50,IBT-freq-s3,3,12000,24000,0.7980,0.2850,0.3019,0.2680,0.7083,0.2703,0.0015,0.9997
CASIA-SURF,within,,resnet50,IBT-freq-s3,4,20000,24000,0.8351,0.2441,0.3036,0.1845,0.7322,0.2603,0.0000,1.0000
CelebA-Spoof,within,,resnet50,standard-s0,10,48000,24000,0.9742,0.1626,0.3140,0.0112,0.7763,0.0069,0.0027,0.9991
CelebA-Spoof,within,,resnet50,standard-s1,10,48000,24000,0.9850,0.1183,0.2305,0.0061,0.8364,0.0035,0.0018,0.9992
CelebA-Spoof,within,,resnet50,standard-s2,10,48000,24000,0.9921,0.1014,0.1993,0.0035,0.8591,0.0036,0.0055,0.9982
CASIA-SURF,within,,resnet50,IBT-freq-s4,1,12000,24000,0.8088,0.2663,0.2778,0.2547,0.7291,0.2696,0.0000,1.0000
CASIA-SURF,within,,resnet50,IBT-freq-s4,2,12000,24000,0.6329,0.4197,0.4179,0.4216,0.5810,0.3879,0.0010,0.9996
CASIA-SURF,within,,resnet50,IBT-freq-s4,3,12000,24000,0.8767,0.2063,0.2028,0.2099,0.7951,0.2100,0.0001,1.0000
CelebA-Spoof,within,,resnet50,standard-s0,11,48000,24000,0.9949,0.1306,0.2598,0.0014,0.8173,0.0024,0.0001,1.0000
CelebA-Spoof,within,,resnet50,standard-s1,11,48000,24000,0.9920,0.1224,0.2415,0.0032,0.8296,0.0022,0.0025,0.9991
CASIA-SURF,within,,resnet50,IBT-reverse-s0,1,12000,24000,0.9109,0.1577,0.1760,0.1393,0.8350,0.1427,0.0000,1.0000
CelebA-Spoof,within,,resnet50,standard-s2,11,48000,24000,0.9917,0.1453,0.2888,0.0018,0.7968,0.0031,0.0036,0.9987
CASIA-SURF,within,,resnet50,IBT-freq-s4,4,20000,24000,0.8912,0.1851,0.2059,0.1644,0.8066,0.2059,0.0000,1.0000
CASIA-SURF,within,,resnet50,IBT-reverse-s1,1,12000,24000,0.9525,0.1170,0.1245,0.1096,0.8800,0.0921,0.0018,0.9996
CASIA-SURF,within,,resnet50,IBT-reverse-s0,2,12000,24000,0.5687,0.4735,0.5030,0.4440,0.5147,0.4685,0.0004,0.9999
CASIA-SURF,within,,resnet50,IBT-reverse-s2,1,12000,24000,0.9487,0.1178,0.1159,0.1197,0.8830,0.0958,0.0000,1.0000
CASIA-SURF,within,,resnet50,IBT-reverse-s1,2,12000,24000,0.8551,0.2209,0.2326,0.2092,0.7745,0.2347,0.0007,0.9996
CASIA-SURF,within,,resnet50,IBT-reverse-s3,1,12000,24000,0.9219,0.1339,0.1426,0.1251,0.8627,0.1068,0.0000,1.0000
CASIA-SURF,within,,resnet50,IBT-reverse-s0,3,12000,24000,0.5994,0.4484,0.4835,0.4133,0.5376,0.4381,0.0000,1.0000
CASIA-SURF,within,,resnet50,IBT-reverse-s2,2,12000,24000,0.8768,0.1919,0.2034,0.1804,0.8035,0.1720,0.0000,1.0000
CASIA-SURF,within,,resnet50,IBT-reverse-s1,3,12000,24000,0.8765,0.2026,0.2224,0.1827,0.7895,0.2076,0.0000,1.0000
CASIA-SURF,within,,resnet50,IBT-reverse-s3,2,12000,24000,0.8099,0.2787,0.2718,0.2857,0.7240,0.2735,0.0000,1.0000
CASIA-SURF,within,,resnet50,IBT-reverse-s2,3,12000,24000,0.8790,0.1890,0.1962,0.1819,0.8081,0.1672,0.0000,1.0000
CASIA-SURF,within,,resnet50,IBT-reverse-s0,4,20000,24000,0.8031,0.2829,0.3131,0.2528,0.7050,0.2750,0.0004,1.0000
CASIA-SURF,within,,resnet50,IBT-reverse-s3,3,12000,24000,0.8108,0.2714,0.2761,0.2666,0.7268,0.2726,0.0000,1.0000
CASIA-SURF,within,,resnet50,IBT-reverse-s1,4,20000,24000,0.5643,0.4434,0.6363,0.2506,0.4796,0.4291,0.0025,0.9994
CASIA-SURF,within,,resnet50,IBT-reverse-s4,1,12000,24000,0.9327,0.1350,0.1355,0.1344,0.8648,0.1250,0.0000,1.0000
CASIA-SURF,within,,resnet50,IBT-reverse-s2,4,20000,24000,0.8857,0.1983,0.2181,0.1786,0.7937,0.1947,0.0008,0.9998
CASIA-SURF,within,,resnet50,IBT-reverse-s3,4,20000,24000,0.7265,0.3429,0.3634,0.3223,0.6489,0.3463,0.0006,0.9998
CASIA-SURF,within,,resnet50,IBT-reverse-s4,2,12000,24000,0.9505,0.1062,0.1084,0.1041,0.8929,0.0967,0.0000,1.0000
CASIA-SURF,within,,resnet50,standard-s0,1,20000,24000,0.8166,0.2766,0.2674,0.2857,0.7271,0.2512,0.0001,1.0000
CASIA-SURF,within,,resnet50,IBT-reverse-s4,3,12000,24000,0.9195,0.1441,0.1492,0.1390,0.8538,0.1291,0.0000,1.0000
CASIA-SURF,within,,resnet50,standard-s1,1,20000,24000,0.9046,0.1713,0.1886,0.1540,0.8218,0.1736,0.0007,0.9999
CASIA-SURF,within,,resnet50,standard-s2,1,20000,24000,0.9168,0.1653,0.1502,0.1804,0.8407,0.1419,0.0001,1.0000
CASIA-SURF,within,,resnet50,standard-s0,2,20000,24000,0.8268,0.2605,0.2702,0.2508,0.7356,0.2287,0.0000,1.0000
CASIA-SURF,within,,resnet50,standard-s1,2,20000,24000,0.8314,0.2494,0.2494,0.2494,0.7506,0.2261,0.0044,0.9993
CASIA-SURF,within,,resnet50,IBT-reverse-s4,4,20000,24000,0.8784,0.2067,0.2155,0.1980,0.7897,0.2092,0.0000,1.0000
CASIA-SURF,within,,resnet50,standard-s2,2,20000,24000,0.9210,0.1506,0.1570,0.1441,0.8469,0.1340,0.0000,1.0000
CASIA-SURF,within,,resnet50,standard-s0,3,20000,24000,0.8474,0.2323,0.2588,0.2059,0.7571,0.2048,0.0000,1.0000
CASIA-SURF,within,,resnet50,standard-s1,3,20000,24000,0.8483,0.2283,0.2458,0.2107,0.7647,0.2121,0.0001,1.0000
CASIA-SURF,within,,resnet50,standard-s3,1,20000,24000,0.7305,0.3375,0.3498,0.3252,0.6576,0.3372,0.0027,0.9994
CASIA-SURF,within,,resnet50,standard-s2,3,20000,24000,0.9270,0.1463,0.1427,0.1500,0.8551,0.1315,0.0000,1.0000
CASIA-SURF,within,,resnet50,standard-s0,4,20000,24000,0.8502,0.2240,0.2704,0.1776,0.7575,0.2032,0.0000,1.0000
CASIA-SURF,within,,resnet50,standard-s1,4,20000,24000,0.8482,0.2299,0.2562,0.2037,0.7596,0.2066,0.0000,1.0000
CASIA-SURF,within,,resnet50,standard-s3,2,20000,24000,0.8578,0.2231,0.2295,0.2167,0.7744,0.2027,0.0000,1.0000
CASIA-SURF,within,,resnet50,standard-s2,4,20000,24000,0.7933,0.2884,0.3075,0.2693,0.7040,0.2896,0.0002,1.0000
CASIA-SURF,within,,resnet50,standard-s4,1,20000,24000,0.8075,0.2779,0.3134,0.2424,0.7079,0.2719,0.0004,0.9998
CASIA-FASD,xtype,replay,resnet50,IBT-freq-s0,1,12000,24000,0.9892,0.1834,0.3587,0.0080,0.8170,0.0000,0.0001,1.0000
CASIA-FASD,xtype,replay,resnet50,IBT-freq-s1,1,12000,24000,0.9814,0.2891,0.5738,0.0045,0.7114,0.0000,0.0000,1.0000
CASIA-SURF,within,,resnet50,standard-s3,3,20000,24000,0.8050,0.2668,0.2845,0.2490,0.7261,0.2418,0.0002,1.0000
CASIA-FASD,xtype,replay,resnet50,IBT-freq-s0,2,12000,24000,0.9213,0.4266,0.8411,0.0121,0.5742,0.0000,0.0000,1.0000
CASIA-SURF,within,,resnet50,standard-s4,2,20000,24000,0.6978,0.3766,0.3334,0.4197,0.6407,0.3524,0.0002,1.0000
CASIA-FASD,xtype,replay,resnet50,IBT-freq-s1,2,12000,24000,0.9847,0.3344,0.6671,0.0017,0.6662,0.0000,0.0000,1.0000
CASIA-SURF,within,,resnet50,standard-s3,4,20000,24000,0.8587,0.2069,0.2399,0.1738,0.7800,0.1926,0.0000,1.0000
CASIA-FASD,xtype,replay,resnet50,IBT-freq-s0,3,16000,24000,0.9566,0.3580,0.6993,0.0166,0.6427,0.0000,0.0000,1.0000
CASIA-FASD,xtype,replay,resnet50,IBT-freq-s1,3,16000,24000,0.9761,0.3158,0.6232,0.0084,0.6847,0.0000,0.0000,1.0000
CASIA-SURF,within,,resnet50,standard-s4,3,20000,24000,0.6959,0.3771,0.3779,0.3762,0.6226,0.3991,0.0009,0.9999
CASIA-FASD,xtype,replay,resnet50,IBT-freq-s2,1,12000,24000,0.9378,0.3039,0.5873,0.0204,0.6967,0.0000,0.0000,1.0000
CASIA-FASD,xtype,replay,resnet50,IBT-freq-s3,1,12000,24000,0.9755,0.3550,0.7031,0.0068,0.6457,0.0000,0.0000,1.0000
CASIA-FASD,xtype,replay,resnet50,IBT-freq-s4,1,12000,24000,0.9635,0.2180,0.4079,0.0280,0.7824,0.0023,0.0036,0.9991
CASIA-SURF,within,,resnet50,standard-s4,4,20000,24000,0.8347,0.2496,0.2655,0.2336,0.7440,0.2483,0.0000,1.0000
CASIA-FASD,xtype,replay,resnet50,IBT-freq-s2,2,12000,24000,0.9299,0.3233,0.6383,0.0084,0.6773,0.0000,0.0000,1.0000
CASIA-FASD,xtype,replay,resnet50,IBT-freq-s3,2,12000,24000,0.9501,0.2217,0.4129,0.0304,0.7787,0.0011,0.0000,1.0000
CASIA-FASD,xtype,replay,resnet50,IBT-freq-s4,2,12000,24000,0.9697,0.2455,0.4746,0.0165,0.7549,0.0000,0.0000,1.0000
CASIA-FASD,xtype,replay,resnet50,IBT-reverse-s0,1,12000,24000,0.9519,0.2656,0.5175,0.0137,0.7348,0.0000,0.0000,1.0000
CASIA-FASD,xtype,replay,resnet50,IBT-freq-s2,3,16000,24000,0.9538,0.3812,0.7625,0.0000,0.6195,0.0000,0.0000,1.0000
CASIA-FASD,xtype,replay,resnet50,IBT-freq-s3,3,16000,24000,0.9364,0.3158,0.6297,0.0019,0.6848,0.0000,0.0000,1.0000
CASIA-FASD,xtype,replay,resnet50,IBT-freq-s4,3,16000,24000,0.9616,0.2936,0.5743,0.0130,0.7069,0.0000,0.0000,1.0000
CASIA-FASD,xtype,replay,resnet50,IBT-reverse-s0,2,12000,24000,0.9609,0.2653,0.5053,0.0254,0.7351,0.0011,0.0000,1.0000
CASIA-FASD,xtype,replay,resnet50,IBT-reverse-s1,1,12000,24000,0.9612,0.2059,0.4017,0.0100,0.7945,0.0023,0.0000,1.0000
CASIA-FASD,xtype,replay,resnet50,IBT-reverse-s2,1,12000,24000,0.9644,0.2765,0.5452,0.0079,0.7240,0.0000,0.0000,1.0000
CASIA-FASD,xtype,replay,resnet50,IBT-reverse-s3,1,12000,24000,0.9626,0.2088,0.3942,0.0235,0.7915,0.0000,0.0000,1.0000
CASIA-FASD,xtype,replay,resnet50,IBT-reverse-s0,3,16000,24000,0.9606,0.3402,0.6721,0.0082,0.6604,0.0000,0.0000,1.0000
CASIA-FASD,xtype,replay,resnet50,IBT-reverse-s1,2,12000,24000,0.9649,0.1967,0.3828,0.0106,0.8036,0.0012,0.0024,0.9989
CASIA-FASD,xtype,replay,resnet50,IBT-reverse-s2,2,12000,24000,0.9744,0.2734,0.5389,0.0079,0.7271,0.0000,0.0000,1.0000
CASIA-FASD,xtype,replay,resnet50,IBT-reverse-s3,2,12000,24000,0.9511,0.3546,0.6897,0.0195,0.6460,0.0000,0.0020,0.9996
CASIA-FASD,xtype,replay,resnet50,IBT-reverse-s4,1,12000,24000,0.9414,0.2385,0.4638,0.0131,0.7620,0.0005,0.0046,0.9988
CASIA-FASD,xtype,replay,resnet50,IBT-reverse-s1,3,16000,24000,0.9701,0.3952,0.7889,0.0016,0.6055,0.0000,0.0000,1.0000
CASIA-FASD,xtype,replay,resnet50,IBT-reverse-s2,3,16000,24000,0.9731,0.3004,0.5870,0.0139,0.7001,0.0000,0.0000,1.0000
CASIA-FASD,xtype,replay,resnet50,IBT-reverse-s3,3,16000,24000,0.9637,0.4208,0.8351,0.0066,0.5799,0.0000,0.0000,1.0000
CASIA-FASD,xtype,replay,resnet50,IBT-reverse-s4,2,12000,24000,0.9627,0.3427,0.6828,0.0025,0.6580,0.0000,0.0000,1.0000
CASIA-FASD,xtype,replay,resnet50,standard-s0,1,16000,24000,0.9442,0.3656,0.7310,0.0002,0.6351,0.0000,0.0047,0.9984
CASIA-FASD,xtype,replay,resnet50,standard-s1,1,16000,24000,0.9776,0.1665,0.3003,0.0326,0.8338,0.0000,0.0001,1.0000
CASIA-FASD,xtype,replay,resnet50,IBT-reverse-s4,3,16000,24000,0.9610,0.4198,0.8396,0.0000,0.5810,0.0000,0.0000,1.0000
CASIA-FASD,xtype,replay,resnet50,standard-s2,1,16000,24000,0.9638,0.3922,0.7730,0.0115,0.6085,0.0000,0.0001,1.0000
CASIA-FASD,xtype,replay,resnet50,standard-s0,2,16000,24000,0.9365,0.3596,0.7172,0.0020,0.6410,0.0000,0.0000,1.0000
CASIA-FASD,xtype,replay,resnet50,standard-s1,2,16000,24000,0.9817,0.2336,0.4573,0.0100,0.7668,0.0000,0.0000,1.0000
CASIA-FASD,xtype,replay,resnet50,standard-s3,1,16000,24000,0.9602,0.3239,0.6396,0.0082,0.6767,0.0000,0.0000,1.0000
CASIA-FASD,xtype,replay,resnet50,standard-s2,2,16000,24000,0.9710,0.4142,0.8207,0.0078,0.5865,0.0000,0.0000,1.0000
CASIA-FASD,xtype,replay,resnet50,standard-s0,3,16000,24000,0.9657,0.3634,0.7263,0.0005,0.6372,0.0000,0.0000,1.0000
CASIA-FASD,xtype,replay,resnet50,standard-s1,3,16000,24000,0.9830,0.2861,0.5654,0.0067,0.7145,0.0000,0.0000,1.0000
CASIA-FASD,xtype,replay,resnet50,standard-s3,2,16000,24000,0.9637,0.3189,0.6270,0.0108,0.6817,0.0000,0.0023,0.9992
CASIA-FASD,xtype,replay,resnet50,standard-s2,3,16000,24000,0.9710,0.4083,0.8091,0.0075,0.5925,0.0000,0.0000,1.0000
CASIA-FASD,xtype,replay,resnet50,standard-s4,1,16000,24000,0.9615,0.3968,0.7935,0.0000,0.6040,0.0000,0.0001,1.0000
CASIA-FASD,xtype,replay,resnet50,standard-s3,3,16000,24000,0.9859,0.2894,0.5786,0.0002,0.7111,0.0000,0.0000,1.0000
CASIA-FASD,xtype,replay,resnet50,standard-s4,2,16000,24000,0.9694,0.3935,0.7870,0.0000,0.6072,0.0000,0.0000,1.0000
CASIA-FASD,xtype,replay,resnet50,standard-s4,3,16000,24000,0.9695,0.4056,0.8112,0.0000,0.5951,0.0000,0.0000,1.0000
HQ-WMCA,within,,resnet50,IBT-freq-s0,1,8764,6636,0.9524,0.0804,0.1507,0.0101,0.8641,0.0749,0.0001,1.0000
HQ-WMCA,within,,resnet50,IBT-freq-s1,1,8764,6636,0.9300,0.1828,0.2061,0.1595,0.7988,0.0682,0.0001,1.0000
HQ-WMCA,within,,resnet50,IBT-freq-s2,1,8764,6636,0.9105,0.1964,0.3066,0.0862,0.7165,0.0699,0.0002,1.0000
HQ-WMCA,within,,resnet50,IBT-freq-s3,1,8764,6636,0.9496,0.1359,0.1971,0.0747,0.8157,0.0432,0.0002,1.0000
HQ-WMCA,within,,resnet50,IBT-freq-s0,2,7620,6636,0.9657,0.0621,0.0998,0.0244,0.9081,0.0885,0.0001,1.0000
HQ-WMCA,within,,resnet50,IBT-freq-s1,2,7620,6636,0.8739,0.2839,0.1397,0.4282,0.8300,0.1851,0.0130,0.9970
HQ-WMCA,within,,resnet50,IBT-freq-s2,2,7620,6636,0.9127,0.1626,0.1958,0.1293,0.8112,0.1087,0.0017,0.9997
HQ-WMCA,within,,resnet50,IBT-freq-s3,2,7620,6636,0.9586,0.0730,0.0886,0.0575,0.9147,0.1300,0.0020,0.9999
HQ-WMCA,within,,resnet50,IBT-freq-s0,3,6852,6636,0.6589,0.4216,0.4178,0.4253,0.5814,0.6029,0.0003,0.9999
HQ-WMCA,within,,resnet50,IBT-freq-s1,3,6852,6636,0.8853,0.2499,0.1406,0.3592,0.8365,0.2470,0.0004,1.0000
HQ-WMCA,within,,resnet50,IBT-freq-s2,3,6852,6636,0.7938,0.2271,0.3034,0.1509,0.7126,0.3669,0.0001,1.0000
HQ-WMCA,within,,resnet50,IBT-freq-s3,3,6852,6636,0.8563,0.2510,0.1702,0.3319,0.8128,0.4538,0.0013,0.9997
HQ-WMCA,within,,resnet50,IBT-freq-s0,4,6804,6636,0.9164,0.1425,0.2017,0.0833,0.8107,0.3585,0.0002,1.0000
HQ-WMCA,within,,resnet50,IBT-freq-s1,4,6804,6636,0.9628,0.0864,0.0837,0.0891,0.9158,0.1575,0.0001,1.0000
HQ-WMCA,within,,resnet50,IBT-freq-s2,4,6804,6636,0.9475,0.1094,0.1254,0.0934,0.8779,0.1367,0.0003,1.0000
HQ-WMCA,within,,resnet50,IBT-freq-s3,4,6804,6636,0.9335,0.1494,0.1207,0.1782,0.8733,0.2252,0.0001,1.0000
HQ-WMCA,within,,resnet50,IBT-freq-s0,5,6144,6636,0.9489,0.0997,0.1247,0.0747,0.8805,0.2633,0.0001,1.0000
HQ-WMCA,within,,resnet50,IBT-freq-s1,5,6144,6636,0.9539,0.1132,0.0899,0.1365,0.9052,0.1283,0.0001,1.0000
HQ-WMCA,within,,resnet50,IBT-freq-s2,5,6144,6636,0.9545,0.1174,0.1027,0.1322,0.8942,0.0756,0.0002,1.0000
HQ-WMCA,within,,resnet50,IBT-freq-s3,5,6144,6636,0.9457,0.1273,0.0965,0.1580,0.8971,0.1674,0.0001,1.0000
HQ-WMCA,within,,resnet50,IBT-freq-s0,6,5940,6636,0.9339,0.1194,0.1411,0.0977,0.8635,0.3892,0.0001,1.0000
HQ-WMCA,within,,resnet50,IBT-freq-s1,6,5940,6636,0.9455,0.1669,0.0896,0.2443,0.8942,0.1231,0.0000,1.0000
HQ-WMCA,within,,resnet50,IBT-freq-s2,6,5940,6636,0.8965,0.1772,0.1446,0.2098,0.8486,0.3128,0.0001,1.0000
HQ-WMCA,within,,resnet50,IBT-freq-s3,6,5940,6636,0.8940,0.2017,0.1677,0.2356,0.8252,0.4727,0.0001,1.0000
HQ-WMCA,within,,resnet50,IBT-freq-s0,7,5868,6636,0.8475,0.2066,0.1675,0.2457,0.8243,0.2590,0.0002,1.0000
HQ-WMCA,within,,resnet50,IBT-freq-s1,7,5868,6636,0.9004,0.1513,0.1145,0.1882,0.8778,0.2598,0.0002,1.0000
HQ-WMCA,within,,resnet50,IBT-freq-s2,7,5868,6636,0.8670,0.2152,0.2508,0.1796,0.7566,0.3047,0.0010,0.9998
HQ-WMCA,within,,resnet50,IBT-freq-s3,7,5868,6636,0.7828,0.2980,0.1665,0.4296,0.8059,0.3349,0.0024,0.9995
HQ-WMCA,within,,resnet50,IBT-freq-s0,8,5688,6636,0.9316,0.1253,0.0911,0.1595,0.9017,0.2436,0.0002,1.0000
HQ-WMCA,within,,resnet50,IBT-freq-s1,8,5688,6636,0.9207,0.1409,0.1108,0.1710,0.8829,0.2609,0.0001,1.0000
HQ-WMCA,within,,resnet50,IBT-freq-s2,8,5688,6636,0.9263,0.1361,0.0811,0.1911,0.9073,0.1500,0.0002,1.0000
HQ-WMCA,within,,resnet50,IBT-freq-s3,8,5688,6636,0.9236,0.1583,0.1370,0.1796,0.8585,0.1978,0.0004,1.0000
HQ-WMCA,within,,resnet50,IBT-freq-s0,9,5388,6636,0.9535,0.1121,0.0820,0.1422,0.9117,0.2035,0.0003,1.0000
HQ-WMCA,within,,resnet50,IBT-freq-s1,9,5388,6636,0.8871,0.2174,0.1488,0.2859,0.8368,0.2542,0.0003,1.0000
HQ-WMCA,within,,resnet50,IBT-freq-s2,9,5388,6636,0.8701,0.1895,0.2237,0.1552,0.7835,0.2967,0.0002,1.0000
HQ-WMCA,within,,resnet50,IBT-freq-s3,9,5388,6636,0.8210,0.2804,0.1973,0.3635,0.7853,0.2974,0.0005,1.0000
HQ-WMCA,within,,resnet50,IBT-freq-s0,10,5340,6636,0.9492,0.0885,0.1167,0.0603,0.8892,0.1857,0.0002,1.0000
HQ-WMCA,within,,resnet50,IBT-freq-s1,10,5340,6636,0.9103,0.1893,0.1214,0.2572,0.8644,0.1749,0.0003,1.0000
HQ-WMCA,within,,resnet50,IBT-freq-s2,10,5340,6636,0.8651,0.2047,0.2098,0.1997,0.7913,0.2281,0.0002,1.0000
HQ-WMCA,within,,resnet50,IBT-freq-s3,10,5340,6636,0.8958,0.1546,0.2202,0.0891,0.7936,0.2360,0.0004,1.0000
HQ-WMCA,within,,resnet50,IBT-freq-s0,11,21532,6636,0.9994,0.0168,0.0337,0.0000,0.9699,0.0314,0.0019,0.9994
HQ-WMCA,within,,resnet50,IBT-freq-s1,11,21532,6636,0.9994,0.0322,0.0643,0.0000,0.9424,0.0465,0.0018,0.9997
HQ-WMCA,within,,resnet50,IBT-freq-s2,11,21532,6636,0.9984,0.0209,0.0231,0.0187,0.9774,0.0407,0.0002,1.0000
HQ-WMCA,within,,resnet50,IBT-freq-s3,11,21532,6636,0.9981,0.0088,0.0175,0.0000,0.9843,0.0401,0.0025,0.9996
HQ-WMCA,within,,resnet50,IBT-freq-s4,1,8764,6636,0.9475,0.1374,0.1815,0.0934,0.8278,0.0401,0.0020,0.9997
HQ-WMCA,within,,resnet50,IBT-reverse-s0,1,5340,6636,0.7058,0.4108,0.2655,0.5560,0.7040,0.4768,0.0002,1.0000
HQ-WMCA,within,,resnet50,IBT-reverse-s1,1,5340,6636,0.8263,0.2864,0.1877,0.3851,0.7916,0.2713,0.0002,1.0000
HQ-WMCA,within,,resnet50,IBT-reverse-s2,1,5340,6636,0.7600,0.3792,0.2081,0.5503,0.7560,0.2631,0.0001,1.0000
HQ-WMCA,within,,resnet50,IBT-reverse-s0,2,5388,6636,0.8001,0.2596,0.2247,0.2945,0.7679,0.3644,0.0002,1.0000
HQ-WMCA,within,,resnet50,IBT-freq-s4,2,7620,6636,0.8432,0.2552,0.2301,0.2802,0.7646,0.1784,0.0080,0.9978
HQ-WMCA,within,,resnet50,IBT-reverse-s1,2,5388,6636,0.7620,0.3231,0.1907,0.4555,0.7815,0.4545,0.0002,1.0000
HQ-WMCA,within,,resnet50,IBT-reverse-s2,2,5388,6636,0.7197,0.3138,0.2828,0.3448,0.7107,0.4522,0.0062,0.9980
HQ-WMCA,within,,resnet50,IBT-reverse-s0,3,5688,6636,0.9395,0.1751,0.0843,0.2658,0.8966,0.2181,0.0001,1.0000
HQ-WMCA,within,,resnet50,IBT-reverse-s1,3,5688,6636,0.8821,0.2159,0.1818,0.2500,0.8110,0.2341,0.0001,1.0000
HQ-WMCA,within,,resnet50,IBT-freq-s4,3,6852,6636,0.8879,0.2179,0.1714,0.2644,0.8189,0.2101,0.0001,1.0000
HQ-WMCA,within,,resnet50,IBT-reverse-s2,3,5688,6636,0.9054,0.2296,0.1229,0.3362,0.8547,0.2008,0.0002,1.0000
HQ-WMCA,within,,resnet50,IBT-reverse-s0,4,5868,6636,0.8654,0.2492,0.1551,0.3434,0.8252,0.2882,0.0003,1.0000
HQ-WMCA,within,,resnet50,IBT-reverse-s1,4,5868,6636,0.8743,0.1695,0.1106,0.2284,0.8770,0.2536,0.0003,1.0000
HQ-WMCA,within,,resnet50,IBT-freq-s4,4,6804,6636,0.9466,0.1412,0.0884,0.1940,0.9005,0.1240,0.0002,1.0000
HQ-WMCA,within,,resnet50,IBT-reverse-s2,4,5868,6636,0.8443,0.2106,0.2099,0.2112,0.7899,0.2945,0.0003,1.0000
HQ-WMCA,within,,resnet50,IBT-reverse-s0,5,5940,6636,0.9038,0.1930,0.1460,0.2399,0.8442,0.3892,0.0002,1.0000
HQ-WMCA,within,,resnet50,IBT-reverse-s1,5,5940,6636,0.9232,0.1535,0.0843,0.2227,0.9011,0.2306,0.0001,1.0000
HQ-WMCA,within,,resnet50,IBT-freq-s4,5,6144,6636,0.9514,0.1211,0.0798,0.1624,0.9115,0.1111,0.0001,1.0000
HQ-WMCA,within,,resnet50,IBT-reverse-s2,5,5940,6636,0.8546,0.2538,0.2503,0.2572,0.7489,0.3410,0.0001,1.0000
HQ-WMCA,within,,resnet50,IBT-reverse-s0,6,6144,6636,0.9665,0.0876,0.0919,0.0833,0.9090,0.1708,0.0002,1.0000
HQ-WMCA,within,,resnet50,IBT-reverse-s1,6,6144,6636,0.9099,0.2466,0.1182,0.3750,0.8549,0.2501,0.0001,1.0000
HQ-WMCA,within,,resnet50,IBT-freq-s4,6,5940,6636,0.9461,0.1617,0.0806,0.2428,0.9024,0.1024,0.0000,1.0000
HQ-WMCA,within,,resnet50,IBT-reverse-s2,6,6144,6636,0.8976,0.2214,0.1224,0.3204,0.8568,0.2490,0.0002,1.0000
HQ-WMCA,within,,resnet50,IBT-reverse-s0,7,6804,6636,0.9537,0.1131,0.0840,0.1422,0.9099,0.1667,0.0002,1.0000
HQ-WMCA,within,,resnet50,IBT-freq-s4,7,5868,6636,0.8543,0.1828,0.1515,0.2141,0.8419,0.1920,0.0001,1.0000
HQ-WMCA,within,,resnet50,IBT-reverse-s1,7,6804,6636,0.9425,0.1415,0.0992,0.1839,0.8920,0.3232,0.0001,1.0000
HQ-WMCA,within,,resnet50,IBT-reverse-s2,7,6804,6636,0.9194,0.2169,0.0774,0.3563,0.8933,0.3047,0.0002,1.0000
HQ-WMCA,within,,resnet50,IBT-reverse-s0,8,6852,6636,0.9475,0.1554,0.0810,0.2299,0.9034,0.2107,0.0001,1.0000
HQ-WMCA,within,,resnet50,IBT-freq-s4,8,5688,6636,0.8767,0.1718,0.1310,0.2126,0.8605,0.1801,0.0001,1.0000
HQ-WMCA,within,,resnet50,IBT-reverse-s1,8,6852,6636,0.9223,0.1792,0.1214,0.2371,0.8665,0.3836,0.0000,1.0000
HQ-WMCA,within,,resnet50,IBT-reverse-s2,8,6852,6636,0.8611,0.2421,0.1768,0.3075,0.8095,0.3095,0.0011,0.9997
HQ-WMCA,within,,resnet50,IBT-freq-s4,9,5388,6636,0.7695,0.3015,0.3084,0.2945,0.6930,0.1557,0.0012,1.0000
HQ-WMCA,within,,resnet50,IBT-reverse-s0,9,7620,6636,0.9423,0.1499,0.0800,0.2198,0.9054,0.1645,0.0003,1.0000
HQ-WMCA,within,,resnet50,IBT-reverse-s1,9,7620,6636,0.9221,0.1731,0.0976,0.2486,0.8865,0.2498,0.0003,1.0000
HQ-WMCA,within,,resnet50,IBT-reverse-s2,9,7620,6636,0.9578,0.0883,0.0875,0.0891,0.9123,0.1916,0.0002,1.0000
HQ-WMCA,within,,resnet50,IBT-freq-s4,10,5340,6636,0.8340,0.2242,0.2502,0.1983,0.7553,0.0799,0.0002,1.0000
HQ-WMCA,within,,resnet50,IBT-reverse-s0,10,8764,6636,0.9953,0.0432,0.0850,0.0014,0.9237,0.0319,0.0002,1.0000
HQ-WMCA,within,,resnet50,IBT-reverse-s1,10,8764,6636,0.9858,0.1017,0.2005,0.0029,0.8202,0.0832,0.0003,1.0000
HQ-WMCA,within,,resnet50,IBT-reverse-s2,10,8764,6636,0.9965,0.0680,0.1360,0.0000,0.8782,0.0330,0.0004,1.0000
HQ-WMCA,within,,resnet50,IBT-freq-s4,11,21532,6636,1.0000,0.0042,0.0084,0.0000,0.9925,0.0267,0.0132,0.9960
HQ-WMCA,within,,resnet50,IBT-reverse-s0,11,21532,6636,0.9994,0.0103,0.0163,0.0043,0.9849,0.0357,0.0001,1.0000
HQ-WMCA,within,,resnet50,IBT-reverse-s1,11,21532,6636,0.9985,0.0108,0.0173,0.0043,0.9840,0.0499,0.0022,0.9994
HQ-WMCA,within,,resnet50,IBT-reverse-s2,11,21532,6636,0.9959,0.0249,0.0197,0.0302,0.9792,0.0300,0.0002,1.0000
HQ-WMCA,within,,resnet50,IBT-reverse-s3,1,5340,6636,0.8353,0.3061,0.1365,0.4756,0.8279,0.2898,0.0002,1.0000
HQ-WMCA,within,,resnet50,IBT-reverse-s4,1,5340,6636,0.7971,0.3764,0.1264,0.6264,0.8211,0.3276,0.0002,1.0000
HQ-WMCA,within,,resnet50,IBT-reverse-s3,2,5388,6636,0.7398,0.3395,0.2207,0.4583,0.7544,0.5282,0.0004,1.0000
HQ-WMCA,within,,resnet50,IBT-reverse-s4,2,5388,6636,0.7637,0.3100,0.2091,0.4109,0.7697,0.4345,0.0002,1.0000
HQ-WMCA,within,,resnet50,IBT-reverse-s3,3,5688,6636,0.9252,0.1543,0.1204,0.1882,0.8725,0.1999,0.0002,1.0000
HQ-WMCA,within,,resnet50,standard-s0,1,21532,6636,0.9964,0.0481,0.0847,0.0115,0.9230,0.0241,0.0038,0.9987
HQ-WMCA,within,,resnet50,IBT-reverse-s4,3,5688,6636,0.8456,0.2832,0.1426,0.4239,0.8279,0.2175,0.0001,1.0000
HQ-WMCA,within,,resnet50,standard-s1,1,21532,6636,0.9992,0.0089,0.0150,0.0029,0.9863,0.0357,0.0108,0.9966
HQ-WMCA,within,,resnet50,IBT-reverse-s3,4,5868,6636,0.7737,0.2869,0.2089,0.3649,0.7747,0.4040,0.0005,1.0000
HQ-WMCA,within,,resnet50,IBT-reverse-s4,4,5868,6636,0.7543,0.2917,0.2601,0.3233,0.7333,0.3798,0.0004,1.0000
HQ-WMCA,within,,resnet50,IBT-reverse-s3,5,5940,6636,0.8185,0.2832,0.1584,0.4080,0.8154,0.4278,0.0001,1.0000
HQ-WMCA,within,,resnet50,IBT-reverse-s4,5,5940,6636,0.8299,0.2627,0.1806,0.3448,0.8021,0.2965,0.0001,1.0000
HQ-WMCA,within,,resnet50,standard-s0,2,21532,6636,0.9996,0.0101,0.0072,0.0129,0.9922,0.0292,0.0000,1.0000
HQ-WMCA,within,,resnet50,standard-s1,2,21532,6636,0.9988,0.0255,0.0108,0.0402,0.9861,0.0387,0.0000,1.0000
HQ-WMCA,within,,resnet50,IBT-reverse-s3,6,6144,6636,0.9017,0.2254,0.1463,0.3046,0.8371,0.2830,0.0002,1.0000
HQ-WMCA,within,,resnet50,IBT-reverse-s4,6,6144,6636,0.8555,0.2794,0.1838,0.3750,0.7961,0.2293,0.0002,1.0000
HQ-WMCA,within,,resnet50,IBT-reverse-s3,7,6804,6636,0.9263,0.1680,0.1219,0.2141,0.8684,0.2266,0.0002,1.0000
HQ-WMCA,within,,resnet50,IBT-reverse-s4,7,6804,6636,0.9374,0.1446,0.1109,0.1782,0.8820,0.2068,0.0004,1.0000
HQ-WMCA,within,,resnet50,IBT-reverse-s3,8,6852,6636,0.9287,0.1902,0.1074,0.2730,0.8752,0.2366,0.0001,1.0000
HQ-WMCA,within,,resnet50,standard-s0,3,21532,6636,0.9995,0.0158,0.0029,0.0287,0.9944,0.0292,0.0000,1.0000
HQ-WMCA,within,,resnet50,standard-s1,3,21532,6636,0.9904,0.0369,0.0091,0.0647,0.9851,0.0385,0.0000,1.0000
HQ-WMCA,within,,resnet50,IBT-reverse-s4,8,6852,6636,0.9402,0.1868,0.0963,0.2773,0.8847,0.2024,0.0001,1.0000
HQ-WMCA,within,,resnet50,IBT-reverse-s3,9,7620,6636,0.9263,0.1657,0.1187,0.2126,0.8715,0.1889,0.0043,0.9980
HQ-WMCA,within,,resnet50,IBT-reverse-s4,9,7620,6636,0.9488,0.1467,0.0894,0.2040,0.8986,0.1578,0.0001,1.0000
HQ-WMCA,within,,resnet50,IBT-reverse-s3,10,8764,6636,0.9859,0.0831,0.1589,0.0072,0.8570,0.0684,0.0007,0.9999
HQ-WMCA,within,,resnet50,standard-s0,4,21532,6636,0.9983,0.0237,0.0086,0.0388,0.9882,0.0222,0.0000,1.0000
HQ-WMCA,within,,resnet50,IBT-reverse-s4,10,8764,6636,0.9973,0.0342,0.0655,0.0029,0.9411,0.0191,0.0009,0.9999
HQ-WMCA,within,,resnet50,standard-s1,4,21532,6636,0.9974,0.0307,0.0082,0.0532,0.9870,0.0352,0.0000,1.0000
HQ-WMCA,within,,resnet50,IBT-reverse-s3,11,21532,6636,0.9985,0.0284,0.0411,0.0158,0.9616,0.0509,0.0001,1.0000
HQ-WMCA,within,,resnet50,standard-s0,5,21532,6636,0.9984,0.0242,0.0096,0.0388,0.9873,0.0238,0.0000,1.0000
HQ-WMCA,within,,resnet50,standard-s1,5,21532,6636,0.9955,0.0335,0.0081,0.0589,0.9866,0.0377,0.0000,1.0000
HQ-WMCA,within,,resnet50,IBT-reverse-s4,11,21532,6636,0.9998,0.0130,0.0231,0.0029,0.9791,0.0292,0.0001,1.0000
HQ-WMCA,within,,resnet50,standard-s2,1,21532,6636,0.9983,0.0242,0.0298,0.0187,0.9714,0.0434,0.0002,1.0000
HQ-WMCA,within,,resnet50,standard-s0,6,21532,6636,0.9987,0.0229,0.0084,0.0374,0.9885,0.0267,0.0000,1.0000
HQ-WMCA,within,,resnet50,standard-s1,6,21532,6636,0.9982,0.0472,0.0067,0.0876,0.9848,0.0350,0.0000,1.0000
HQ-WMCA,within,,resnet50,standard-s3,1,21532,6636,0.9995,0.0240,0.0049,0.0431,0.9911,0.0270,0.0002,1.0000
HQ-WMCA,within,,resnet50,standard-s2,2,21532,6636,0.9988,0.0193,0.0099,0.0287,0.9881,0.0361,0.0000,1.0000
HQ-WMCA,within,,resnet50,standard-s0,7,21532,6636,0.9986,0.0215,0.0071,0.0359,0.9899,0.0247,0.0000,1.0000
HQ-WMCA,within,,resnet50,standard-s1,7,21532,6636,0.9968,0.0242,0.0254,0.0230,0.9748,0.0251,0.0016,0.9995
HQ-WMCA,within,,resnet50,standard-s3,2,21532,6636,0.9997,0.0211,0.0020,0.0402,0.9940,0.0307,0.0000,1.0000
HQ-WMCA,within,,resnet50,standard-s0,8,21532,6636,0.9986,0.0254,0.0077,0.0431,0.9885,0.0271,0.0000,1.0000
HQ-WMCA,within,,resnet50,standard-s2,3,21532,6636,0.9988,0.0149,0.0098,0.0201,0.9892,0.0350,0.0000,1.0000
HQ-WMCA,within,,resnet50,standard-s1,8,21532,6636,0.9990,0.0129,0.0172,0.0086,0.9837,0.0240,0.0001,1.0000
HQ-WMCA,within,,resnet50,standard-s3,3,21532,6636,0.9998,0.0210,0.0003,0.0417,0.9953,0.0269,0.0000,1.0000
HQ-WMCA,within,,resnet50,standard-s0,9,21532,6636,0.9986,0.0239,0.0089,0.0388,0.9879,0.0273,0.0000,1.0000
HQ-WMCA,within,,resnet50,standard-s2,4,21532,6636,0.9990,0.0146,0.0104,0.0187,0.9887,0.0342,0.0000,1.0000
HQ-WMCA,within,,resnet50,standard-s1,9,21532,6636,0.9990,0.0157,0.0214,0.0101,0.9798,0.0217,0.0000,1.0000
HQ-WMCA,within,,resnet50,standard-s3,4,21532,6636,0.9998,0.0129,0.0013,0.0244,0.9962,0.0330,0.0000,1.0000
HQ-WMCA,within,,resnet50,standard-s0,10,21532,6636,0.9997,0.0095,0.0133,0.0057,0.9875,0.0300,0.0336,0.9898
HQ-WMCA,within,,resnet50,standard-s2,5,21532,6636,0.9986,0.0237,0.0172,0.0302,0.9815,0.0376,0.0000,1.0000
HQ-WMCA,within,,resnet50,standard-s1,10,21532,6636,0.9992,0.0134,0.0195,0.0072,0.9818,0.0234,0.0000,1.0000
HQ-WMCA,within,,resnet50,standard-s3,5,21532,6636,0.9995,0.0091,0.0167,0.0014,0.9849,0.0484,0.0004,1.0000
HQ-WMCA,within,,resnet50,standard-s0,11,21532,6636,0.9998,0.0082,0.0135,0.0029,0.9876,0.0338,0.0001,1.0000
HQ-WMCA,within,,resnet50,standard-s2,6,21532,6636,0.9991,0.0160,0.0091,0.0230,0.9895,0.0332,0.0000,1.0000
HQ-WMCA,within,,resnet50,standard-s1,11,21532,6636,0.9992,0.0138,0.0204,0.0072,0.9810,0.0219,0.0000,1.0000
HQ-WMCA,within,,resnet50,standard-s3,6,21532,6636,0.9997,0.0123,0.0246,0.0000,0.9780,0.0462,0.0000,1.0000
HQ-WMCA,within,,resnet50,standard-s2,7,21532,6636,0.9990,0.0125,0.0251,0.0000,0.9775,0.0369,0.0026,0.9991
HQ-WMCA,within,,resnext101_64x4d,IBT-freq-s0,1,8764,6636,0.9469,0.1172,0.1165,0.1178,0.8834,0.0866,0.0002,1.0000
HQ-WMCA,within,,resnet50,standard-s4,1,21532,6636,0.9996,0.0088,0.0089,0.0086,0.9911,0.0236,0.0006,1.0000
HQ-WMCA,within,,resnet50,standard-s3,7,21532,6636,0.9998,0.0116,0.0232,0.0000,0.9792,0.0418,0.0000,1.0000
HQ-WMCA,within,,resnext101_64x4d,IBT-freq-s0,2,7620,6636,0.9768,0.0869,0.0502,0.1236,0.9421,0.0612,0.0000,1.0000
HQ-WMCA,within,,resnet50,standard-s2,8,21532,6636,0.9993,0.0151,0.0301,0.0000,0.9730,0.0417,0.0000,1.0000
HQ-WMCA,within,,resnet50,standard-s4,2,21532,6636,0.9998,0.0158,0.0316,0.0000,0.9717,0.0334,0.0002,1.0000
HQ-WMCA,within,,resnet50,standard-s3,8,21532,6636,0.9997,0.0125,0.0251,0.0000,0.9775,0.0454,0.0000,1.0000
HQ-WMCA,within,,resnext101_64x4d,IBT-freq-s0,3,6852,6636,0.9215,0.2129,0.1025,0.3233,0.8743,0.2091,0.0002,0.9999
HQ-WMCA,within,,resnet50,standard-s2,9,21532,6636,0.9994,0.0157,0.0313,0.0000,0.9720,0.0397,0.0000,1.0000
HQ-WMCA,within,,resnet50,standard-s4,3,21532,6636,0.9999,0.0088,0.0177,0.0000,0.9842,0.0283,0.0000,1.0000
HQ-WMCA,within,,resnet50,standard-s3,9,21532,6636,0.9998,0.0159,0.0318,0.0000,0.9715,0.0451,0.0000,1.0000
HQ-WMCA,within,,resnext101_64x4d,IBT-freq-s0,4,6804,6636,0.9771,0.0653,0.0631,0.0675,0.9364,0.1267,0.0000,1.0000
HQ-WMCA,within,,resnext101_64x4d,IBT-freq-s0,5,6144,6636,0.9699,0.0801,0.1258,0.0345,0.8838,0.2143,0.0001,1.0000
HQ-WMCA,within,,resnet50,standard-s2,10,21532,6636,0.9994,0.0162,0.0325,0.0000,0.9709,0.0403,0.0000,1.0000
HQ-WMCA,within,,resnet50,standard-s4,4,21532,6636,1.0000,0.0223,0.0446,0.0000,0.9601,0.0632,0.0005,0.9999
HQ-WMCA,within,,resnet50,standard-s3,10,21532,6636,0.9997,0.0299,0.0598,0.0000,0.9465,0.0599,0.0042,0.9987
HQ-WMCA,within,,resnext101_64x4d,IBT-freq-s0,6,5940,6636,0.9583,0.1015,0.1355,0.0675,0.8716,0.2899,0.0000,1.0000
HQ-WMCA,within,,resnet50,standard-s2,11,21532,6636,0.9994,0.0169,0.0338,0.0000,0.9697,0.0389,0.0000,1.0000
HQ-WMCA,within,,resnet50,standard-s4,5,21532,6636,1.0000,0.0077,0.0153,0.0000,0.9863,0.0484,0.0001,1.0000
HQ-WMCA,within,,resnet50,standard-s3,11,21532,6636,1.0000,0.0078,0.0157,0.0000,0.9860,0.0460,0.0000,1.0000
HQ-WMCA,within,,resnext101_64x4d,IBT-freq-s0,7,5868,6636,0.9091,0.1822,0.1231,0.2414,0.8645,0.1951,0.0002,1.0000
HQ-WMCA,within,,resnext101_64x4d,IBT-freq-s0,8,5688,6636,0.9320,0.1700,0.1000,0.2399,0.8853,0.1609,0.0000,1.0000
HQ-WMCA,within,,resnext101_64x4d,IBT-freq-s1,1,8764,6636,0.9705,0.1016,0.1227,0.0805,0.8817,0.0601,0.0001,1.0000
HQ-WMCA,within,,resnet50,standard-s4,6,21532,6636,0.9999,0.0088,0.0177,0.0000,0.9842,0.0549,0.0000,1.0000
HQ-WMCA,within,,resnext101_64x4d,IBT-freq-s2,1,8764,6636,0.9762,0.0939,0.1763,0.0115,0.8410,0.0267,0.0002,1.0000
HQ-WMCA,within,,resnext101_64x4d,IBT-freq-s0,9,5388,6636,0.8933,0.2331,0.1199,0.3463,0.8564,0.2552,0.0001,1.0000
HQ-WMCA,within,,resnext101_64x4d,IBT-freq-s1,2,7620,6636,0.9594,0.1085,0.0633,0.1537,0.9272,0.1283,0.0004,0.9999
HQ-WMCA,within,,resnet50,standard-s4,7,21532,6636,0.9999,0.0095,0.0190,0.0000,0.9830,0.0511,0.0000,1.0000
HQ-WMCA,within,,resnext101_64x4d,IBT-freq-s2,2,7620,6636,0.9764,0.0654,0.0460,0.0848,0.9500,0.0505,0.0000,1.0000
HQ-WMCA,within,,resnext101_64x4d,IBT-freq-s0,10,5340,6636,0.9363,0.1408,0.1091,0.1724,0.8843,0.2208,0.0001,1.0000
HQ-WMCA,within,,resnext101_64x4d,IBT-freq-s1,3,6852,6636,0.9159,0.2060,0.1204,0.2917,0.8617,0.1735,0.0000,1.0000
HQ-WMCA,within,,resnext101_64x4d,IBT-freq-s2,3,6852,6636,0.9711,0.0773,0.0367,0.1178,0.9548,0.0789,0.0000,1.0000
HQ-WMCA,within,,resnet50,standard-s4,8,21532,6636,0.9998,0.0111,0.0222,0.0000,0.9801,0.0380,0.0008,0.9999
HQ-WMCA,within,,resnext101_64x4d,IBT-freq-s1,4,6804,6636,0.9793,0.0498,0.0636,0.0359,0.9393,0.0872,0.0000,1.0000
HQ-WMCA,within,,resnext101_64x4d,IBT-freq-s2,4,6804,6636,0.9655,0.1035,0.0778,0.1293,0.9168,0.1664,0.0000,1.0000
HQ-WMCA,within,,resnet50,standard-s4,9,21532,6636,0.9997,0.0166,0.0059,0.0273,0.9919,0.0242,0.0096,0.9972
HQ-WMCA,within,,resnext101_64x4d,IBT-freq-s1,5,6144,6636,0.9579,0.1661,0.0593,0.2730,0.9183,0.1281,0.0000,1.0000
HQ-WMCA,within,,resnext101_64x4d,IBT-freq-s0,11,21532,6636,0.9946,0.0460,0.0303,0.0618,0.9664,0.0243,0.0003,1.0000
HQ-WMCA,within,,resnext101_64x4d,IBT-freq-s2,5,6144,6636,0.9738,0.0689,0.0904,0.0474,0.9141,0.1793,0.0000,1.0000
HQ-WMCA,within,,resnet50,standard-s4,10,21532,6636,0.9997,0.0071,0.0128,0.0014,0.9884,0.0383,0.0009,0.9999
HQ-WMCA,within,,resnext101_64x4d,IBT-freq-s1,6,5940,6636,0.9592,0.1749,0.0596,0.2902,0.9162,0.1367,0.0000,1.0000
HQ-WMCA,within,,resnext101_64x4d,IBT-freq-s2,6,5940,6636,0.9682,0.0884,0.0719,0.1049,0.9247,0.1224,0.0000,1.0000
HQ-WMCA,within,,resnext101_64x4d,IBT-freq-s3,1,8764,6636,0.9655,0.1114,0.1983,0.0244,0.8199,0.0774,0.0040,0.9986
HQ-WMCA,within,,resnext101_64x4d,IBT-freq-s1,7,5868,6636,0.9039,0.1546,0.1052,0.2040,0.8844,0.1749,0.0002,1.0000
HQ-WMCA,within,,resnet50,standard-s4,11,21532,6636,0.9999,0.0063,0.0126,0.0000,0.9887,0.0350,0.0000,1.0000
HQ-WMCA,within,,resnext101_64x4d,IBT-freq-s2,7,5868,6636,0.9375,0.1332,0.1098,0.1566,0.8853,0.2089,0.0001,1.0000
HQ-WMCA,within,,resnext101_64x4d,IBT-freq-s3,2,7620,6636,0.9670,0.0823,0.0727,0.0920,0.9253,0.1144,0.0002,1.0000
HQ-WMCA,within,,resnext101_64x4d,IBT-freq-s1,8,5688,6636,0.9263,0.1402,0.0936,0.1868,0.8966,0.1620,0.0000,1.0000
HQ-WMCA,within,,resnext101_64x4d,IBT-freq-s2,8,5688,6636,0.9433,0.1242,0.1047,0.1437,0.8912,0.2092,0.0000,1.0000
HQ-WMCA,within,,resnext101_64x4d,IBT-freq-s4,1,8764,6636,0.9131,0.1743,0.2638,0.0848,0.7550,0.1041,0.0036,0.9991
HQ-WMCA,within,,resnext101_64x4d,IBT-freq-s1,9,5388,6636,0.8771,0.2929,0.1246,0.4612,0.8401,0.3093,0.0001,1.0000
HQ-WMCA,within,,resnext101_64x4d,IBT-freq-s3,3,6852,6636,0.9776,0.0664,0.0897,0.0431,0.9152,0.2064,0.0002,0.9999
HQ-WMCA,within,,resnext101_64x4d,IBT-freq-s2,9,5388,6636,0.9250,0.1250,0.1394,0.1106,0.8636,0.2325,0.0002,1.0000
HQ-WMCA,within,,resnext101_64x4d,IBT-freq-s1,10,5340,6636,0.9166,0.1685,0.2394,0.0977,0.7755,0.2175,0.0001,1.0000
HQ-WMCA,within,,resnext101_64x4d,IBT-freq-s4,2,7620,6636,0.9664,0.1182,0.0468,0.1897,0.9382,0.0676,0.0001,1.0000
HQ-WMCA,within,,resnext101_64x4d,IBT-freq-s3,4,6804,6636,0.9675,0.0702,0.0614,0.0790,0.9367,0.1102,0.0001,1.0000
HQ-WMCA,within,,resnext101_64x4d,IBT-freq-s2,10,5340,6636,0.9330,0.1499,0.1145,0.1853,0.8781,0.1807,0.0001,1.0000
HQ-WMCA,within,,resnext101_64x4d,IBT-freq-s4,3,6852,6636,0.9480,0.1637,0.0832,0.2443,0.8999,0.1841,0.0002,1.0000
HQ-WMCA,within,,resnext101_64x4d,IBT-freq-s3,5,6144,6636,0.9801,0.1023,0.0365,0.1681,0.9497,0.0448,0.0000,1.0000
HQ-WMCA,within,,resnext101_64x4d,IBT-freq-s4,4,6804,6636,0.9578,0.1120,0.0746,0.1494,0.9176,0.1262,0.0000,1.0000
HQ-WMCA,within,,resnext101_64x4d,IBT-freq-s3,6,5940,6636,0.9048,0.1767,0.1423,0.2112,0.8505,0.2156,0.0000,1.0000
HQ-WMCA,within,,resnext101_64x4d,IBT-freq-s1,11,21532,6636,0.9988,0.0166,0.0231,0.0101,0.9783,0.0248,0.0018,0.9993
HQ-WMCA,within,,resnext101_64x4d,IBT-freq-s3,7,5868,6636,0.8158,0.2976,0.2503,0.3448,0.7398,0.3070,0.0019,0.9995
HQ-WMCA,within,,resnext101_64x4d,IBT-freq-s4,5,6144,6636,0.9689,0.0941,0.0660,0.1221,0.9281,0.1375,0.0022,0.9993
HQ-WMCA,within,,resnext101_64x4d,IBT-freq-s2,11,21532,6636,0.9990,0.0124,0.0205,0.0043,0.9812,0.0370,0.0008,0.9997
HQ-WMCA,within,,resnext101_64x4d,IBT-reverse-s0,1,5340,6636,0.8513,0.2421,0.1710,0.3132,0.8140,0.2874,0.0001,1.0000
HQ-WMCA,within,,resnext101_64x4d,IBT-freq-s3,8,5688,6636,0.9025,0.1739,0.1266,0.2213,0.8635,0.3003,0.0000,1.0000
HQ-WMCA,within,,resnext101_64x4d,IBT-freq-s4,6,5940,6636,0.8619,0.2597,0.1416,0.3779,0.8336,0.2867,0.0000,1.0000
HQ-WMCA,within,,resnext101_64x4d,IBT-reverse-s1,1,5340,6636,0.9262,0.1754,0.1051,0.2457,0.8802,0.1728,0.0001,1.0000
HQ-WMCA,within,,resnext101_64x4d,IBT-reverse-s0,2,5388,6636,0.8438,0.2479,0.1897,0.3060,0.7981,0.4768,0.0001,1.0000
HQ-WMCA,within,,resnext101_64x4d,IBT-freq-s3,9,5388,6636,0.9208,0.1899,0.1010,0.2787,0.8803,0.2083,0.0001,1.0000
HQ-WMCA,within,,resnext101_64x4d,IBT-freq-s4,7,5868,6636,0.9104,0.1675,0.1224,0.2126,0.8681,0.2258,0.0001,1.0000
HQ-WMCA,within,,resnext101_64x4d,IBT-reverse-s1,2,5388,6636,0.8305,0.2618,0.1487,0.3750,0.8276,0.2308,0.0002,1.0000
HQ-WMCA,within,,resnext101_64x4d,IBT-reverse-s0,3,5688,6636,0.8194,0.2613,0.1892,0.3333,0.7957,0.2825,0.0001,1.0000
HQ-WMCA,within,,resnext101_64x4d,IBT-freq-s3,10,5340,6636,0.9503,0.1282,0.0567,0.1997,0.9283,0.1309,0.0001,1.0000
HQ-WMCA,within,,resnext101_64x4d,IBT-freq-s4,8,5688,6636,0.9401,0.1272,0.0747,0.1796,0.9143,0.1642,0.0000,1.0000
HQ-WMCA,within,,resnext101_64x4d,IBT-reverse-s1,3,5688,6636,0.7680,0.2982,0.1956,0.4009,0.7829,0.3199,0.0001,1.0000
HQ-WMCA,within,,resnext101_64x4d,IBT-reverse-s0,4,5868,6636,0.8535,0.2354,0.1274,0.3434,0.8499,0.2452,0.0001,1.0000
HQ-WMCA,within,,resnext101_64x4d,IBT-freq-s4,9,5388,6636,0.8166,0.2333,0.0801,0.3865,0.8877,0.2091,0.0001,1.0000
HQ-WMCA,within,,resnext101_64x4d,IBT-reverse-s1,4,5868,6636,0.7818,0.2805,0.1530,0.4080,0.8202,0.3658,0.0001,1.0000
HQ-WMCA,within,,resnext101_64x4d,IBT-reverse-s0,5,5940,6636,0.8671,0.2806,0.1345,0.4267,0.8348,0.2175,0.0001,1.0000
HQ-WMCA,within,,resnext101_64x4d,IBT-freq-s4,10,5340,6636,0.8181,0.2686,0.1795,0.3578,0.8018,0.1949,0.0001,1.0000
HQ-WMCA,within,,resnext101_64x4d,IBT-reverse-s1,5,5940,6636,0.9407,0.1358,0.0891,0.1825,0.9011,0.2152,0.0125,0.9995
HQ-WMCA,within,,resnext101_64x4d,IBT-reverse-s0,6,6144,6636,0.9402,0.1357,0.0990,0.1724,0.8933,0.2085,0.0001,1.0000
HQ-WMCA,within,,resnext101_64x4d,IBT-freq-s3,11,21532,6636,0.9721,0.0524,0.0488,0.0560,0.9504,0.0428,0.0024,0.9996
HQ-WMCA,within,,resnext101_64x4d,IBT-reverse-s1,6,6144,6636,0.9354,0.1331,0.0909,0.1753,0.9002,0.2642,0.0001,1.0000
HQ-WMCA,within,,resnext101_64x4d,IBT-reverse-s0,7,6804,6636,0.9614,0.0783,0.0948,0.0618,0.9087,0.1325,0.0001,1.0000
HQ-WMCA,within,,resnext101_64x4d,IBT-reverse-s2,1,5340,6636,0.9032,0.2076,0.1034,0.3118,0.8748,0.1995,0.0001,1.0000
HQ-WMCA,within,,resnext101_64x4d,IBT-reverse-s1,7,6804,6636,0.9331,0.1541,0.0941,0.2141,0.8933,0.2085,0.0001,1.0000
HQ-WMCA,within,,resnext101_64x4d,IBT-freq-s4,11,21532,6636,0.9995,0.0040,0.0081,0.0000,0.9928,0.0250,0.0000,1.0000
HQ-WMCA,within,,resnext101_64x4d,IBT-reverse-s2,2,5388,6636,0.8661,0.2765,0.1608,0.3922,0.8149,0.4054,0.0001,1.0000
HQ-WMCA,within,,resnext101_64x4d,IBT-reverse-s0,8,6852,6636,0.9141,0.2273,0.0882,0.3664,0.8826,0.1891,0.0061,0.9997
HQ-WMCA,within,,resnext101_64x4d,IBT-reverse-s1,8,6852,6636,0.9028,0.2833,0.1054,0.4612,0.8573,0.1887,0.0000,1.0000
HQ-WMCA,within,,resnext101_64x4d,IBT-reverse-s2,3,5688,6636,0.6883,0.3668,0.3370,0.3966,0.6567,0.5334,0.0016,0.9996
HQ-WMCA,within,,resnext101_64x4d,IBT-reverse-s3,1,5340,6636,0.9259,0.1579,0.0988,0.2170,0.8888,0.2033,0.0001,1.0000
HQ-WMCA,within,,resnext101_64x4d,IBT-reverse-s0,9,7620,6636,0.9512,0.1453,0.0650,0.2256,0.9182,0.1799,0.0001,1.0000
HQ-WMCA,within,,resnext101_64x4d,IBT-reverse-s1,9,7620,6636,0.9473,0.1226,0.0785,0.1667,0.9123,0.1519,0.0019,0.9993
HQ-WMCA,within,,resnext101_64x4d,IBT-reverse-s3,2,5388,6636,0.8149,0.2704,0.1643,0.3764,0.8134,0.4827,0.0007,0.9998
HQ-WMCA,within,,resnext101_64x4d,IBT-reverse-s2,4,5868,6636,0.8044,0.2603,0.2217,0.2989,0.7702,0.2976,0.0002,1.0000
HQ-WMCA,within,,resnext101_64x4d,IBT-reverse-s0,10,8764,6636,0.9970,0.0266,0.0532,0.0000,0.9524,0.0286,0.0069,0.9981
HQ-WMCA,within,,resnext101_64x4d,IBT-reverse-s3,3,5688,6636,0.8586,0.2448,0.1678,0.3218,0.8160,0.2926,0.0001,1.0000
HQ-WMCA,within,,resnext101_64x4d,IBT-reverse-s2,5,5940,6636,0.8890,0.2019,0.1653,0.2385,0.8270,0.2559,0.0001,1.0000
HQ-WMCA,within,,resnext101_64x4d,IBT-reverse-s1,10,8764,6636,0.9888,0.0358,0.0702,0.0014,0.9370,0.0317,0.0014,0.9994
HQ-WMCA,within,,resnext101_64x4d,IBT-reverse-s3,4,5868,6636,0.8299,0.2202,0.1746,0.2658,0.8159,0.2857,0.0008,0.9998
HQ-WMCA,within,,resnext101_64x4d,IBT-reverse-s2,6,6144,6636,0.9257,0.2113,0.0907,0.3319,0.8840,0.2213,0.0042,0.9993
HQ-WMCA,within,,resnext101_64x4d,IBT-reverse-s3,5,5940,6636,0.8883,0.1913,0.1571,0.2256,0.8357,0.2980,0.0001,1.0000
HQ-WMCA,within,,resnext101_64x4d,IBT-reverse-s2,7,6804,6636,0.9498,0.1219,0.0729,0.1710,0.9168,0.1300,0.0001,1.0000
HQ-WMCA,within,,resnext101_64x4d,IBT-reverse-s0,11,21532,6636,0.9997,0.0063,0.0098,0.0029,0.9910,0.0317,0.0004,1.0000
HQ-WMCA,within,,resnext101_64x4d,IBT-reverse-s3,6,6144,6636,0.9539,0.1185,0.0961,0.1408,0.8992,0.2093,0.0000,1.0000
HQ-WMCA,within,,resnext101_64x4d,IBT-reverse-s2,8,6852,6636,0.9417,0.1834,0.0779,0.2888,0.8999,0.1791,0.0000,1.0000
HQ-WMCA,within,,resnext101_64x4d,IBT-reverse-s1,11,21532,6636,0.9944,0.0449,0.0567,0.0330,0.9458,0.0140,0.0007,0.9999
HQ-WMCA,within,,resnext101_64x4d,IBT-reverse-s4,1,5340,6636,0.9000,0.2329,0.1037,0.3621,0.8692,0.2219,0.0001,1.0000
HQ-WMCA,within,,resnext101_64x4d,IBT-reverse-s3,7,6804,6636,0.9593,0.1945,0.0571,0.3319,0.9141,0.0858,0.0002,1.0000
HQ-WMCA,within,,resnext101_64x4d,IBT-reverse-s2,9,7620,6636,0.9542,0.1491,0.0712,0.2270,0.9124,0.1210,0.0000,1.0000
HQ-WMCA,within,,resnext101_64x4d,IBT-reverse-s4,2,5388,6636,0.7970,0.2862,0.2190,0.3534,0.7669,0.4180,0.0001,1.0000
HQ-WMCA,within,,resnext101_64x4d,IBT-reverse-s3,8,6852,6636,0.9551,0.2029,0.0567,0.3491,0.9126,0.1505,0.0000,1.0000
HQ-WMCA,within,,resnext101_64x4d,IBT-reverse-s4,3,5688,6636,0.8411,0.2508,0.2359,0.2658,0.7610,0.3846,0.0001,1.0000
HQ-WMCA,within,,resnext101_64x4d,IBT-reverse-s2,10,8764,6636,0.9983,0.0157,0.0315,0.0000,0.9718,0.0100,0.0001,1.0000
HQ-WMCA,within,,resnext101_64x4d,IBT-reverse-s3,9,7620,6636,0.9533,0.1078,0.0862,0.1293,0.9093,0.1258,0.0057,0.9982
HQ-WMCA,within,,resnext101_64x4d,standard-s0,1,21532,6636,0.9433,0.0698,0.0692,0.0704,0.9307,0.0556,0.0069,0.9983
HQ-WMCA,within,,resnext101_64x4d,IBT-reverse-s4,4,5868,6636,0.7911,0.2824,0.2386,0.3261,0.7523,0.3132,0.0001,1.0000
HQ-WMCA,within,,resnext101_64x4d,IBT-reverse-s3,10,8764,6636,0.9970,0.0246,0.0492,0.0000,0.9560,0.0125,0.0002,1.0000
HQ-WMCA,within,,resnext101_64x4d,IBT-reverse-s4,5,5940,6636,0.6865,0.4357,0.2434,0.6279,0.7162,0.3121,0.0035,0.9998
HQ-WMCA,within,,resnext101_64x4d,IBT-reverse-s4,6,6144,6636,0.8953,0.2086,0.1298,0.2874,0.8537,0.3061,0.0001,1.0000
HQ-WMCA,within,,resnext101_64x4d,IBT-reverse-s2,11,21532,6636,1.0000,0.0060,0.0120,0.0000,0.9893,0.0165,0.0000,1.0000
HQ-WMCA,within,,resnext101_64x4d,standard-s0,2,21532,6636,0.9980,0.0332,0.0175,0.0489,0.9792,0.0379,0.0000,1.0000
HQ-WMCA,within,,resnext101_64x4d,IBT-reverse-s4,7,6804,6636,0.9376,0.1799,0.0783,0.2816,0.9004,0.2231,0.0000,1.0000
HQ-WMCA,within,,resnext101_64x4d,IBT-reverse-s3,11,21532,6636,0.9999,0.0177,0.0354,0.0000,0.9684,0.0050,0.0000,1.0000
HQ-WMCA,within,,resnext101_64x4d,IBT-reverse-s4,8,6852,6636,0.9290,0.2035,0.1052,0.3017,0.8742,0.2381,0.0000,1.0000
HQ-WMCA,within,,resnext101_64x4d,standard-s1,1,21532,6636,0.9987,0.0198,0.0396,0.0000,0.9646,0.0351,0.0056,0.9983
HQ-WMCA,within,,resnext101_64x4d,IBT-reverse-s4,9,7620,6636,0.9549,0.0775,0.0774,0.0776,0.9225,0.1548,0.0001,1.0000
HQ-WMCA,within,,resnext101_64x4d,standard-s0,3,21532,6636,0.9987,0.0227,0.0210,0.0244,0.9786,0.0165,0.0003,1.0000
HQ-WMCA,within,,resnext101_64x4d,standard-s2,1,21532,6636,0.9978,0.0187,0.0301,0.0072,0.9723,0.0568,0.0086,0.9980
HQ-WMCA,within,,resnext101_64x4d,IBT-reverse-s4,10,8764,6636,0.9927,0.0332,0.0318,0.0345,0.9679,0.0142,0.0003,1.0000
HQ-WMCA,within,,resnext101_64x4d,standard-s1,2,21532,6636,0.9980,0.0285,0.0197,0.0374,0.9785,0.0350,0.0020,0.9993
HQ-WMCA,within,,resnext101_64x4d,standard-s0,4,21532,6636,0.9964,0.0351,0.0300,0.0402,0.9690,0.0250,0.0005,0.9999
HQ-WMCA,within,,resnext101_64x4d,standard-s2,2,21532,6636,0.9957,0.0337,0.0301,0.0374,0.9691,0.0046,0.0045,0.9985
HQ-WMCA,within,,resnext101_64x4d,IBT-reverse-s4,11,21532,6636,0.9944,0.0356,0.0424,0.0287,0.9590,0.0461,0.0012,0.9996
HQ-WMCA,within,,resnext101_64x4d,standard-s1,3,21532,6636,0.9995,0.0127,0.0210,0.0043,0.9807,0.0376,0.0039,0.9990
HQ-WMCA,within,,resnext101_64x4d,standard-s0,5,21532,6636,0.9992,0.0278,0.0039,0.0517,0.9911,0.0045,0.0012,0.9998
HQ-WMCA,within,,resnext101_64x4d,standard-s2,3,21532,6636,0.9985,0.0258,0.0214,0.0302,0.9777,0.0232,0.0014,0.9998
HQ-WMCA,within,,resnext101_64x4d,standard-s3,1,21532,6636,0.9845,0.1001,0.0364,0.1638,0.9503,0.0805,0.0047,0.9986
HQ-WMCA,within,,resnext101_64x4d,standard-s1,4,21532,6636,0.9930,0.0223,0.0030,0.0417,0.9929,0.0390,0.0000,1.0000
HQ-WMCA,within,,resnext101_64x4d,standard-s0,6,21532,6636,0.9991,0.0224,0.0017,0.0431,0.9940,0.0021,0.0000,1.0000
HQ-WMCA,within,,resnext101_64x4d,standard-s2,4,21532,6636,0.9984,0.0344,0.0099,0.0589,0.9849,0.0420,0.0046,0.9991
HQ-WMCA,within,,resnext101_64x4d,standard-s3,2,21532,6636,0.9992,0.0136,0.0244,0.0029,0.9778,0.0152,0.0020,0.9996
HQ-WMCA,within,,resnext101_64x4d,standard-s1,5,21532,6636,0.9999,0.0013,0.0025,0.0000,0.9977,0.0346,0.0000,1.0000
HQ-WMCA,within,,resnext101_64x4d,standard-s0,7,21532,6636,1.0000,0.0045,0.0091,0.0000,0.9919,0.0075,0.0067,0.9979
HQ-WMCA,within,,resnext101_64x4d,standard-s2,5,21532,6636,0.9995,0.0114,0.0128,0.0101,0.9875,0.0357,0.0000,1.0000
HQ-WMCA,within,,resnext101_64x4d,standard-s3,3,21532,6636,0.9998,0.0082,0.0163,0.0000,0.9854,0.0177,0.0000,1.0000
HQ-WMCA,within,,resnext101_64x4d,standard-s1,6,21532,6636,1.0000,0.0009,0.0019,0.0000,0.9983,0.0332,0.0000,1.0000
HQ-WMCA,within,,resnext101_64x4d,standard-s0,8,21532,6636,1.0000,0.0117,0.0234,0.0000,0.9791,0.0156,0.0000,1.0000
HQ-WMCA,within,,resnext101_64x4d,standard-s2,6,21532,6636,0.9965,0.0208,0.0071,0.0345,0.9901,0.0155,0.0001,1.0000
HQ-WMCA,within,,resnext101_64x4d,standard-s3,4,21532,6636,0.9999,0.0058,0.0101,0.0014,0.9908,0.0134,0.0105,0.9971
HQ-WMCA,within,,resnext101_64x4d,standard-s1,7,21532,6636,0.9975,0.0235,0.0311,0.0158,0.9705,0.0251,0.0006,0.9999
HQ-WMCA,within,,resnext101_64x4d,standard-s0,9,21532,6636,0.9999,0.0405,0.0810,0.0000,0.9275,0.0158,0.0000,1.0000
HQ-WMCA,within,,resnext101_64x4d,standard-s2,7,21532,6636,0.9993,0.0089,0.0150,0.0029,0.9863,0.0190,0.0015,0.9997
HQ-WMCA,within,,resnext101_64x4d,standard-s3,5,21532,6636,0.9997,0.0089,0.0178,0.0000,0.9840,0.0265,0.0000,1.0000
HQ-WMCA,within,,resnext101_64x4d,standard-s1,8,21532,6636,0.9998,0.0083,0.0051,0.0115,0.9943,0.0221,0.0077,0.9984
HQ-WMCA,within,,resnext101_64x4d,standard-s0,10,21532,6636,1.0000,0.0384,0.0768,0.0000,0.9313,0.0194,0.0000,1.0000
HQ-WMCA,within,,resnext101_64x4d,standard-s2,8,21532,6636,1.0000,0.0040,0.0081,0.0000,0.9928,0.0148,0.0000,1.0000
HQ-WMCA,within,,resnext101_64x4d,standard-s3,6,21532,6636,0.9971,0.0282,0.0177,0.0388,0.9801,0.0255,0.0000,1.0000
HQ-WMCA,within,,resnext101_64x4d,standard-s1,9,21532,6636,0.9991,0.0533,0.0032,0.1034,0.9863,0.0162,0.0000,1.0000
HQ-WMCA,within,,resnext101_64x4d,standard-s0,11,21532,6636,0.9997,0.0104,0.0165,0.0043,0.9848,0.0200,0.0062,0.9989
HQ-WMCA,within,,resnext101_64x4d,standard-s2,9,21532,6636,0.9954,0.0338,0.0274,0.0402,0.9712,0.0557,0.0102,0.9983
HQ-WMCA,within,,resnext101_64x4d,standard-s3,7,21532,6636,0.9978,0.0312,0.0135,0.0489,0.9828,0.0253,0.0000,1.0000
HQ-WMCA,within,,resnext101_64x4d,standard-s1,10,21532,6636,0.9974,0.0276,0.0035,0.0517,0.9914,0.0201,0.0000,1.0000
HQ-WMCA,within,,resnext101_64x4d,standard-s2,10,21532,6636,0.9998,0.0054,0.0035,0.0072,0.9961,0.0228,0.0000,1.0000
HQ-WMCA,within,,resnext101_64x4d,standard-s4,1,21532,6636,0.9834,0.0609,0.0412,0.0805,0.9546,0.0405,0.0096,0.9975
HQ-WMCA,within,,resnext101_64x4d,standard-s3,8,21532,6636,0.9977,0.0318,0.0091,0.0546,0.9861,0.0256,0.0000,1.0000
HQ-WMCA,within,,resnext101_64x4d,standard-s1,11,21532,6636,0.9983,0.0188,0.0032,0.0345,0.9935,0.0211,0.0000,1.0000
HQ-WMCA,within,,resnext101_64x4d,standard-s2,11,21532,6636,0.9999,0.0046,0.0035,0.0057,0.9962,0.0225,0.0000,1.0000
HQ-WMCA,within,,resnext101_64x4d,standard-s4,2,21532,6636,0.9963,0.0249,0.0168,0.0330,0.9815,0.0345,0.0000,1.0000
HQ-WMCA,within,,resnext101_64x4d,standard-s3,9,21532,6636,0.9988,0.0173,0.0101,0.0244,0.9884,0.0301,0.0000,1.0000
HQ-WMCA,within,,resnext101_64x4d,standard-s4,3,21532,6636,0.9979,0.0264,0.0443,0.0086,0.9595,0.0242,0.0002,0.9999
HQ-WMCA,within,,resnext101_64x4d,standard-s3,10,21532,6636,0.9977,0.0457,0.0024,0.0891,0.9885,0.0217,0.0000,1.0000
HQ-WMCA,within,,resnext101_64x4d,standard-s4,4,21532,6636,0.9998,0.0196,0.0392,0.0000,0.9649,0.0303,0.0000,1.0000
HQ-WMCA,within,,resnext101_64x4d,standard-s3,11,21532,6636,0.9979,0.0214,0.0357,0.0072,0.9673,0.0257,0.0040,0.9991
HQ-WMCA,within,,resnext101_64x4d,standard-s4,5,21532,6636,0.9997,0.0175,0.0350,0.0000,0.9687,0.0300,0.0000,1.0000
HQ-WMCA,within,,resnext101_64x4d,standard-s4,6,21532,6636,0.9997,0.0135,0.0256,0.0014,0.9769,0.0265,0.0000,1.0000
HQ-WMCA,within,,resnext101_64x4d,standard-s4,7,21532,6636,0.9989,0.0161,0.0308,0.0014,0.9723,0.0195,0.0000,1.0000
HQ-WMCA,within,,resnext101_64x4d,standard-s4,8,21532,6636,0.9992,0.0152,0.0303,0.0000,0.9729,0.0240,0.0000,1.0000
HQ-WMCA,within,,resnext101_64x4d,standard-s4,9,21532,6636,0.9966,0.0362,0.0566,0.0158,0.9477,0.0376,0.0026,0.9992
HQ-WMCA,within,,resnext101_64x4d,standard-s4,10,21532,6636,0.9815,0.0502,0.0443,0.0560,0.9545,0.0429,0.0000,1.0000
HQ-WMCA,within,,resnext101_64x4d,standard-s4,11,21532,6636,0.9995,0.0090,0.0180,0.0000,0.9839,0.0268,0.0000,1.0000
